zoom,tile_x,tile_y,scope,variant,repeat,ms,bytes
12,529,361,full,fix,0,377.9,237916
12,529,361,full,before,0,309.2,233304
12,529,361,full,after,0,409.4,237916
12,529,361,roads,fix,0,146.8,114515
12,529,361,roads,before,0,128.5,114515
12,529,361,roads,after,0,135.1,114515
12,529,361,roads,before,1,122.5,114515
12,529,361,roads,after,1,132.5,114515
12,529,361,roads,fix,1,128.6,114515
12,529,361,full,before,1,300.9,233304
12,529,361,full,after,1,415.9,237916
12,529,361,full,fix,1,371.4,237916
12,529,361,full,after,2,423.6,237916
12,529,361,full,fix,2,338.3,237916
12,529,361,full,before,2,295.1,233304
12,529,361,roads,after,2,131.0,114515
12,529,361,roads,fix,2,113.1,114515
12,529,361,roads,before,2,101.7,114515
12,529,361,roads,fix,3,102.0,114515
12,529,361,roads,before,3,100.9,114515
12,529,361,roads,after,3,110.3,114515
12,529,361,full,fix,3,314.4,237916
12,529,361,full,before,3,257.7,233304
12,529,361,full,after,3,349.6,237916
12,529,361,full,before,4,286.9,233304
12,529,361,full,after,4,330.2,237916
12,529,361,full,fix,4,355.8,237916
12,529,361,roads,before,4,107.6,114515
12,529,361,roads,after,4,121.9,114515
12,529,361,roads,fix,4,110.3,114515
12,529,361,roads,after,5,106.6,114515
12,529,361,roads,fix,5,103.4,114515
12,529,361,roads,before,5,99.9,114515
12,529,361,full,after,5,315.5,237916
12,529,361,full,fix,5,325.0,237916
12,529,361,full,before,5,275.3,233304
12,529,361,full,fix,6,337.5,237916
12,529,361,full,before,6,275.0,233304
12,529,361,full,after,6,336.3,237916
12,529,361,roads,fix,6,111.2,114515
12,529,361,roads,before,6,107.9,114515
12,529,361,roads,after,6,122.7,114515
12,529,361,roads,before,7,94.5,114515
12,529,361,roads,after,7,110.4,114515
12,529,361,roads,fix,7,102.8,114515
12,529,361,full,before,7,257.3,233304
12,529,361,full,after,7,317.0,237916
12,529,361,full,fix,7,326.3,237916
12,529,361,full,after,8,332.8,237916
12,529,361,full,fix,8,394.3,237916
12,529,361,full,before,8,338.3,233304
12,529,361,roads,after,8,135.7,114515
12,529,361,roads,fix,8,133.1,114515
12,529,361,roads,before,8,125.3,114515
12,530,361,full,before,0,600.8,1098217
12,530,361,full,after,0,832.3,1215439
12,530,361,full,fix,0,747.2,1215434
12,530,361,roads,before,0,271.8,675374
12,530,361,roads,after,0,318.4,675418
12,530,361,roads,fix,0,288.3,675403
12,530,361,roads,after,1,327.6,675885
12,530,361,roads,fix,1,295.4,675292
12,530,361,roads,before,1,290.0,675477
12,530,361,full,after,1,791.9,1215428
12,530,361,full,fix,1,757.4,1215261
12,530,361,full,before,1,629.4,1098195
12,530,361,full,fix,2,781.3,1215390
12,530,361,full,before,2,568.8,1098177
12,530,361,full,after,2,809.9,1215394
12,530,361,roads,fix,2,289.0,675465
12,530,361,roads,before,2,284.0,675324
12,530,361,roads,after,2,335.8,675792
12,530,361,roads,before,3,283.4,675270
12,530,361,roads,after,3,318.8,675444
12,530,361,roads,fix,3,280.7,675288
12,530,361,full,before,3,551.4,1098177
12,530,361,full,after,3,856.8,1215382
12,530,361,full,fix,3,1059.9,1215344
12,530,361,full,after,4,784.3,1215243
12,530,361,full,fix,4,799.1,1215369
12,530,361,full,before,4,673.2,1098152
12,530,361,roads,after,4,409.9,675755
12,530,361,roads,fix,4,270.9,675452
12,530,361,roads,before,4,266.6,675798
12,530,361,roads,fix,5,260.0,675764
12,530,361,roads,before,5,250.2,675780
12,530,361,roads,after,5,302.8,675747
12,530,361,full,fix,5,782.7,1215216
12,530,361,full,before,5,603.5,1098051
12,530,361,full,after,5,781.5,1215180
12,530,361,full,before,6,523.0,1098210
12,530,361,full,after,6,734.1,1215288
12,530,361,full,fix,6,688.5,1215211
12,530,361,roads,before,6,230.1,675741
12,530,361,roads,after,6,262.8,675742
12,530,361,roads,fix,6,234.9,675728
12,530,361,roads,after,7,277.0,675727
12,530,361,roads,fix,7,259.8,675439
12,530,361,roads,before,7,247.0,675756
12,530,361,full,after,7,791.7,1215298
12,530,361,full,fix,7,726.8,1215459
12,530,361,full,before,7,566.9,1098071
12,530,361,full,fix,8,763.5,1215262
12,530,361,full,before,8,596.0,1098158
12,530,361,full,after,8,715.8,1215419
12,530,361,roads,fix,8,227.1,675698
12,530,361,roads,before,8,228.6,675751
12,530,361,roads,after,8,299.5,675785
12,529,362,full,before,0,371.9,649308
12,529,362,full,after,0,462.1,703205
12,529,362,full,fix,0,516.2,703204
12,529,362,roads,before,0,171.9,386044
12,529,362,roads,after,0,210.5,386044
12,529,362,roads,fix,0,179.5,386044
12,529,362,roads,after,1,212.5,386044
12,529,362,roads,fix,1,187.9,386044
12,529,362,roads,before,1,166.6,386044
12,529,362,full,after,1,500.5,703202
12,529,362,full,fix,1,483.9,703203
12,529,362,full,before,1,377.2,649306
12,529,362,full,fix,2,481.0,703207
12,529,362,full,before,2,395.6,649308
12,529,362,full,after,2,504.6,703203
12,529,362,roads,fix,2,156.5,386044
12,529,362,roads,before,2,148.6,386044
12,529,362,roads,after,2,207.8,386044
12,529,362,roads,before,3,160.5,386044
12,529,362,roads,after,3,191.6,386044
12,529,362,roads,fix,3,236.0,386044
12,529,362,full,before,3,521.8,649315
12,529,362,full,after,3,651.9,703200
12,529,362,full,fix,3,639.3,703202
12,529,362,full,after,4,638.4,703139
12,529,362,full,fix,4,543.8,703206
12,529,362,full,before,4,469.9,649308
12,529,362,roads,after,4,239.5,386044
12,529,362,roads,fix,4,188.3,386044
12,529,362,roads,before,4,174.1,386044
12,529,362,roads,fix,5,183.7,386044
12,529,362,roads,before,5,177.2,386044
12,529,362,roads,after,5,214.1,386044
12,529,362,full,fix,5,498.9,703203
12,529,362,full,before,5,397.4,649308
12,529,362,full,after,5,580.8,703204
12,529,362,full,before,6,444.0,649310
12,529,362,full,after,6,511.1,703199
12,529,362,full,fix,6,528.8,703203
12,529,362,roads,before,6,165.0,386044
12,529,362,roads,after,6,186.7,386044
12,529,362,roads,fix,6,169.6,386044
12,529,362,roads,after,7,197.8,386044
12,529,362,roads,fix,7,178.0,386044
12,529,362,roads,before,7,185.9,386044
12,529,362,full,after,7,631.0,703206
12,529,362,full,fix,7,548.2,703203
12,529,362,full,before,7,453.7,649311
12,529,362,full,fix,8,547.1,703205
12,529,362,full,before,8,425.0,649311
12,529,362,full,after,8,528.1,703206
12,529,362,roads,fix,8,202.4,386044
12,529,362,roads,before,8,195.3,386044
12,529,362,roads,after,8,209.7,386044
12,530,362,full,after,0,611.6,507250
12,530,362,full,fix,0,602.0,507281
12,530,362,full,before,0,502.1,479999
12,530,362,roads,after,0,279.0,316840
12,530,362,roads,fix,0,238.6,316852
12,530,362,roads,before,0,246.1,316513
12,530,362,roads,fix,1,253.9,316509
12,530,362,roads,before,1,238.0,316836
12,530,362,roads,after,1,304.3,316872
12,530,362,full,fix,1,617.7,507465
12,530,362,full,before,1,489.1,480195
12,530,362,full,after,1,598.8,507425
12,530,362,full,before,2,548.3,480062
12,530,362,full,after,2,665.3,507145
12,530,362,full,fix,2,582.2,507381
12,530,362,roads,before,2,242.7,316956
12,530,362,roads,after,2,286.7,316495
12,530,362,roads,fix,2,218.2,316703
12,530,362,roads,after,3,281.8,316474
12,530,362,roads,fix,3,235.7,316709
12,530,362,roads,before,3,229.2,316584
12,530,362,full,after,3,610.3,507399
12,530,362,full,fix,3,539.6,507444
12,530,362,full,before,3,467.6,479692
12,530,362,full,fix,4,563.1,507483
12,530,362,full,before,4,492.0,479736
12,530,362,full,after,4,678.6,507415
12,530,362,roads,fix,4,249.4,316781
12,530,362,roads,before,4,236.6,316445
12,530,362,roads,after,4,294.9,316570
12,530,362,roads,before,5,227.4,316619
12,530,362,roads,after,5,282.7,316907
12,530,362,roads,fix,5,259.7,316498
12,530,362,full,before,5,558.9,479865
12,530,362,full,after,5,702.4,507532
12,530,362,full,fix,5,604.2,507372
12,530,362,full,after,6,633.4,507412
12,530,362,full,fix,6,626.5,507431
12,530,362,full,before,6,550.8,480093
12,530,362,roads,after,6,303.3,316848
12,530,362,roads,fix,6,259.0,316504
12,530,362,roads,before,6,238.4,316600
12,530,362,roads,fix,7,228.5,316564
12,530,362,roads,before,7,230.1,316927
12,530,362,roads,after,7,297.2,316788
12,530,362,full,fix,7,618.6,507392
12,530,362,full,before,7,516.0,479795
12,530,362,full,after,7,623.6,507448
12,530,362,full,before,8,472.3,480081
12,530,362,full,after,8,578.9,507415
12,530,362,full,fix,8,600.2,507161
12,530,362,roads,before,8,257.6,316591
12,530,362,roads,after,8,321.1,316810
12,530,362,roads,fix,8,252.0,316577
12,528,363,full,before,0,60.8,32914
12,528,363,full,after,0,79.2,36404
12,528,363,full,fix,0,70.7,36404
12,528,363,roads,before,0,37.4,19568
12,528,363,roads,after,0,47.4,19568
12,528,363,roads,fix,0,48.2,19568
12,528,363,roads,after,1,47.3,19568
12,528,363,roads,fix,1,45.1,19568
12,528,363,roads,before,1,37.9,19568
12,528,363,full,after,1,82.5,36404
12,528,363,full,fix,1,101.4,36404
12,528,363,full,before,1,71.7,32914
12,528,363,full,fix,2,97.5,36404
12,528,363,full,before,2,81.5,32914
12,528,363,full,after,2,96.1,36404
12,528,363,roads,fix,2,54.9,19568
12,528,363,roads,before,2,50.3,19568
12,528,363,roads,after,2,60.8,19568
12,528,363,roads,before,3,47.8,19568
12,528,363,roads,after,3,60.7,19568
12,528,363,roads,fix,3,59.0,19568
12,528,363,full,before,3,83.7,32914
12,528,363,full,after,3,96.0,36404
12,528,363,full,fix,3,89.9,36404
12,528,363,full,after,4,93.9,36404
12,528,363,full,fix,4,104.1,36404
12,528,363,full,before,4,78.8,32914
12,528,363,roads,after,4,60.7,19568
12,528,363,roads,fix,4,64.4,19568
12,528,363,roads,before,4,48.0,19568
12,528,363,roads,fix,5,61.6,19568
12,528,363,roads,before,5,48.8,19568
12,528,363,roads,after,5,56.3,19568
12,528,363,full,fix,5,99.0,36404
12,528,363,full,before,5,67.3,32914
12,528,363,full,after,5,81.9,36404
12,528,363,full,before,6,68.5,32914
12,528,363,full,after,6,85.1,36404
12,528,363,full,fix,6,84.0,36404
12,528,363,roads,before,6,38.6,19568
12,528,363,roads,after,6,49.2,19568
12,528,363,roads,fix,6,46.7,19568
12,528,363,roads,after,7,45.6,19568
12,528,363,roads,fix,7,46.7,19568
12,528,363,roads,before,7,37.0,19568
12,528,363,full,after,7,70.1,36404
12,528,363,full,fix,7,68.9,36404
12,528,363,full,before,7,54.5,32914
12,528,363,full,fix,8,71.4,36404
12,528,363,full,before,8,55.7,32914
12,528,363,full,after,8,78.1,36404
12,528,363,roads,fix,8,46.8,19568
12,528,363,roads,before,8,43.0,19568
12,528,363,roads,after,8,49.0,19568
12,529,363,full,after,0,1011.8,800337
12,529,363,full,fix,0,894.7,800444
12,529,363,full,before,0,634.8,727189
12,529,363,roads,after,0,389.4,467914
12,529,363,roads,fix,0,342.6,467781
12,529,363,roads,before,0,315.2,468030
12,529,363,roads,fix,1,339.9,467688
12,529,363,roads,before,1,311.8,467814
12,529,363,roads,after,1,377.1,468155
12,529,363,full,fix,1,912.9,800396
12,529,363,full,before,1,728.1,727162
12,529,363,full,after,1,969.0,800497
12,529,363,full,before,2,699.5,727402
12,529,363,full,after,2,1101.4,800507
12,529,363,full,fix,2,904.5,800403
12,529,363,roads,before,2,298.1,467720
12,529,363,roads,after,2,392.9,468065
12,529,363,roads,fix,2,336.6,468103
12,529,363,roads,after,3,450.3,467714
12,529,363,roads,fix,3,404.8,467745
12,529,363,roads,before,3,424.8,467622
12,529,363,full,after,3,1316.4,800346
12,529,363,full,fix,3,1273.1,800426
12,529,363,full,before,3,827.9,727383
12,529,363,full,fix,4,928.5,800454
12,529,363,full,before,4,756.1,727310
12,529,363,full,after,4,1057.1,800461
12,529,363,roads,fix,4,333.5,467853
12,529,363,roads,before,4,325.2,468010
12,529,363,roads,after,4,434.3,467816
12,529,363,roads,before,5,335.7,467874
12,529,363,roads,after,5,463.0,467879
12,529,363,roads,fix,5,370.2,468045
12,529,363,full,before,5,647.7,727309
12,529,363,full,after,5,1019.2,800469
12,529,363,full,fix,5,1028.1,800425
12,529,363,full,after,6,1025.2,800550
12,529,363,full,fix,6,1037.7,800405
12,529,363,full,before,6,765.6,727211
12,529,363,roads,after,6,374.1,467897
12,529,363,roads,fix,6,305.4,467813
12,529,363,roads,before,6,291.7,467827
12,529,363,roads,fix,7,336.7,467925
12,529,363,roads,before,7,343.5,468334
12,529,363,roads,after,7,418.8,467525
12,529,363,full,fix,7,936.6,800456
12,529,363,full,before,7,724.9,727212
12,529,363,full,after,7,1084.4,800504
12,529,363,full,before,8,700.8,727308
12,529,363,full,after,8,970.0,800493
12,529,363,full,fix,8,1000.7,800468
12,529,363,roads,before,8,351.5,467807
12,529,363,roads,after,8,407.1,467924
12,529,363,roads,fix,8,313.2,467802
14,2117,1451,full,after,0,517.5,349831
14,2117,1451,full,fix,0,498.9,349831
14,2117,1451,full,before,0,201.0,312363
14,2117,1451,roads,after,0,132.8,194338
14,2117,1451,roads,fix,0,130.7,194338
14,2117,1451,roads,before,0,114.9,192369
14,2117,1451,roads,fix,1,133.8,194338
14,2117,1451,roads,before,1,122.0,192369
14,2117,1451,roads,after,1,130.7,194338
14,2117,1451,full,fix,1,435.4,349831
14,2117,1451,full,before,1,193.4,312363
14,2117,1451,full,after,1,434.7,349831
14,2117,1451,full,before,2,291.2,312363
14,2117,1451,full,after,2,454.7,349831
14,2117,1451,full,fix,2,463.5,349831
14,2117,1451,roads,before,2,110.9,192369
14,2117,1451,roads,after,2,133.6,194338
14,2117,1451,roads,fix,2,126.3,194338
14,2117,1451,roads,after,3,155.3,194338
14,2117,1451,roads,fix,3,120.5,194338
14,2117,1451,roads,before,3,107.1,192369
14,2117,1451,full,after,3,423.9,349831
14,2117,1451,full,fix,3,416.8,349831
14,2117,1451,full,before,3,193.3,312363
14,2117,1451,full,fix,4,538.7,349831
14,2117,1451,full,before,4,250.1,312363
14,2117,1451,full,after,4,536.9,349831
14,2117,1451,roads,fix,4,153.1,194338
14,2117,1451,roads,before,4,122.6,192369
14,2117,1451,roads,after,4,148.1,194338
14,2117,1451,roads,before,5,106.0,192369
14,2117,1451,roads,after,5,126.0,194338
14,2117,1451,roads,fix,5,125.3,194338
14,2117,1451,full,before,5,192.8,312363
14,2117,1451,full,after,5,455.4,349831
14,2117,1451,full,fix,5,470.3,349831
14,2117,1451,full,after,6,485.8,349831
14,2117,1451,full,fix,6,506.2,349831
14,2117,1451,full,before,6,226.8,312363
14,2117,1451,roads,after,6,139.5,194338
14,2117,1451,roads,fix,6,119.7,194338
14,2117,1451,roads,before,6,110.5,192369
14,2117,1451,roads,fix,7,113.4,194338
14,2117,1451,roads,before,7,95.9,192369
14,2117,1451,roads,after,7,117.5,194338
14,2117,1451,full,fix,7,454.7,349831
14,2117,1451,full,before,7,190.2,312363
14,2117,1451,full,after,7,509.0,349831
14,2117,1451,full,before,8,222.5,312363
14,2117,1451,full,after,8,483.8,349831
14,2117,1451,full,fix,8,488.9,349831
14,2117,1451,roads,before,8,118.0,192369
14,2117,1451,roads,after,8,135.4,194338
14,2117,1451,roads,fix,8,120.5,194338
14,2118,1451,full,fix,0,690.8,608202
14,2118,1451,full,before,0,423.9,545061
14,2118,1451,full,after,0,707.3,608202
14,2118,1451,roads,fix,0,172.9,324126
14,2118,1451,roads,before,0,155.1,358060
14,2118,1451,roads,after,0,170.8,324126
14,2118,1451,roads,before,1,145.5,358060
14,2118,1451,roads,after,1,183.4,324126
14,2118,1451,roads,fix,1,147.8,324126
14,2118,1451,full,before,1,418.7,545061
14,2118,1451,full,after,1,707.7,608202
14,2118,1451,full,fix,1,643.1,608202
14,2118,1451,full,after,2,611.8,608202
14,2118,1451,full,fix,2,630.6,608202
14,2118,1451,full,before,2,335.7,545061
14,2118,1451,roads,after,2,171.8,324126
14,2118,1451,roads,fix,2,150.8,324126
14,2118,1451,roads,before,2,148.0,358060
14,2118,1451,roads,fix,3,160.1,324126
14,2118,1451,roads,before,3,142.1,358060
14,2118,1451,roads,after,3,167.6,324126
14,2118,1451,full,fix,3,607.3,608202
14,2118,1451,full,before,3,334.4,545061
14,2118,1451,full,after,3,671.9,608202
14,2118,1451,full,before,4,348.4,545061
14,2118,1451,full,after,4,773.6,608202
14,2118,1451,full,fix,4,911.6,608202
14,2118,1451,roads,before,4,187.0,358060
14,2118,1451,roads,after,4,223.7,324126
14,2118,1451,roads,fix,4,218.2,324126
14,2118,1451,roads,after,5,302.0,324126
14,2118,1451,roads,fix,5,208.3,324126
14,2118,1451,roads,before,5,184.4,358060
14,2118,1451,full,after,5,840.7,608202
14,2118,1451,full,fix,5,642.7,608202
14,2118,1451,full,before,5,317.9,545061
14,2118,1451,full,fix,6,591.1,608202
14,2118,1451,full,before,6,369.7,545061
14,2118,1451,full,after,6,693.1,608202
14,2118,1451,roads,fix,6,148.5,324126
14,2118,1451,roads,before,6,137.9,358060
14,2118,1451,roads,after,6,182.7,324126
14,2118,1451,roads,before,7,154.0,358060
14,2118,1451,roads,after,7,157.5,324126
14,2118,1451,roads,fix,7,139.1,324126
14,2118,1451,full,before,7,317.9,545061
14,2118,1451,full,after,7,589.3,608202
14,2118,1451,full,fix,7,578.1,608202
14,2118,1451,full,after,8,714.0,608202
14,2118,1451,full,fix,8,621.3,608202
14,2118,1451,full,before,8,338.8,545061
14,2118,1451,roads,after,8,176.9,324126
14,2118,1451,roads,fix,8,134.9,324126
14,2118,1451,roads,before,8,143.1,358060
14,2117,1452,full,fix,0,715.4,450942
14,2117,1452,full,before,0,316.8,397359
14,2117,1452,full,after,0,621.7,450942
14,2117,1452,roads,fix,0,116.8,232857
14,2117,1452,roads,before,0,116.9,233031
14,2117,1452,roads,after,0,169.1,232857
14,2117,1452,roads,before,1,138.0,233031
14,2117,1452,roads,after,1,163.6,232857
14,2117,1452,roads,fix,1,131.6,232857
14,2117,1452,full,before,1,349.5,397359
14,2117,1452,full,after,1,710.0,450942
14,2117,1452,full,fix,1,568.3,450942
14,2117,1452,full,after,2,595.8,450942
14,2117,1452,full,fix,2,644.1,450942
14,2117,1452,full,before,2,300.3,397359
14,2117,1452,roads,after,2,144.8,232857
14,2117,1452,roads,fix,2,138.5,232857
14,2117,1452,roads,before,2,114.8,233031
14,2117,1452,roads,fix,3,126.4,232857
14,2117,1452,roads,before,3,117.3,233031
14,2117,1452,roads,after,3,148.2,232857
14,2117,1452,full,fix,3,530.3,450942
14,2117,1452,full,before,3,261.9,397359
14,2117,1452,full,after,3,551.9,450942
14,2117,1452,full,before,4,282.4,397359
14,2117,1452,full,after,4,598.6,450942
14,2117,1452,full,fix,4,631.2,450942
14,2117,1452,roads,before,4,109.4,233031
14,2117,1452,roads,after,4,141.0,232857
14,2117,1452,roads,fix,4,142.4,232857
14,2117,1452,roads,after,5,142.4,232857
14,2117,1452,roads,fix,5,128.3,232857
14,2117,1452,roads,before,5,121.2,233031
14,2117,1452,full,after,5,679.6,450942
14,2117,1452,full,fix,5,847.9,450942
14,2117,1452,full,before,5,394.4,397359
14,2117,1452,full,fix,6,756.1,450942
14,2117,1452,full,before,6,359.4,397359
14,2117,1452,full,after,6,643.8,450942
14,2117,1452,roads,fix,6,119.7,232857
14,2117,1452,roads,before,6,119.1,233031
14,2117,1452,roads,after,6,144.3,232857
14,2117,1452,roads,before,7,122.2,233031
14,2117,1452,roads,after,7,151.2,232857
14,2117,1452,roads,fix,7,121.3,232857
14,2117,1452,full,before,7,350.3,397359
14,2117,1452,full,after,7,719.6,450942
14,2117,1452,full,fix,7,685.7,450942
14,2117,1452,full,after,8,630.7,450942
14,2117,1452,full,fix,8,590.7,450942
14,2117,1452,full,before,8,329.4,397359
14,2117,1452,roads,after,8,187.5,232857
14,2117,1452,roads,fix,8,123.3,232857
14,2117,1452,roads,before,8,105.3,233031
14,2118,1452,full,before,0,333.8,474570
14,2118,1452,full,after,0,695.4,481059
14,2118,1452,full,fix,0,590.6,481059
14,2118,1452,roads,before,0,129.9,314146
14,2118,1452,roads,after,0,191.0,264722
14,2118,1452,roads,fix,0,136.6,264722
14,2118,1452,roads,after,1,206.6,264722
14,2118,1452,roads,fix,1,156.3,264722
14,2118,1452,roads,before,1,185.1,314146
14,2118,1452,full,after,1,896.4,481059
14,2118,1452,full,fix,1,795.1,481059
14,2118,1452,full,before,1,344.8,474570
14,2118,1452,full,fix,2,598.4,481059
14,2118,1452,full,before,2,341.6,474570
14,2118,1452,full,after,2,705.3,481059
14,2118,1452,roads,fix,2,150.5,264722
14,2118,1452,roads,before,2,145.6,314146
14,2118,1452,roads,after,2,211.5,264722
14,2118,1452,roads,before,3,142.2,314146
14,2118,1452,roads,after,3,191.1,264722
14,2118,1452,roads,fix,3,140.9,264722
14,2118,1452,full,before,3,329.0,474570
14,2118,1452,full,after,3,702.4,481059
14,2118,1452,full,fix,3,666.5,481059
14,2118,1452,full,after,4,730.2,481059
14,2118,1452,full,fix,4,607.2,481059
14,2118,1452,full,before,4,316.3,474570
14,2118,1452,roads,after,4,179.2,264722
14,2118,1452,roads,fix,4,139.7,264722
14,2118,1452,roads,before,4,132.6,314146
14,2118,1452,roads,fix,5,154.1,264722
14,2118,1452,roads,before,5,135.6,314146
14,2118,1452,roads,after,5,200.3,264722
14,2118,1452,full,fix,5,681.4,481059
14,2118,1452,full,before,5,344.6,474570
14,2118,1452,full,after,5,719.5,481059
14,2118,1452,full,before,6,322.0,474570
14,2118,1452,full,after,6,853.1,481059
14,2118,1452,full,fix,6,771.3,481059
14,2118,1452,roads,before,6,172.8,314146
14,2118,1452,roads,after,6,216.0,264722
14,2118,1452,roads,fix,6,154.6,264722
14,2118,1452,roads,after,7,197.6,264722
14,2118,1452,roads,fix,7,153.1,264722
14,2118,1452,roads,before,7,131.3,314146
14,2118,1452,full,after,7,703.1,481059
14,2118,1452,full,fix,7,659.1,481059
14,2118,1452,full,before,7,353.6,474570
14,2118,1452,full,fix,8,656.4,481059
14,2118,1452,full,before,8,354.3,474570
14,2118,1452,full,after,8,660.6,481059
14,2118,1452,roads,fix,8,143.5,264722
14,2118,1452,roads,before,8,145.4,314146
14,2118,1452,roads,after,8,236.9,264722
14,2115,1453,full,after,0,333.8,48322
14,2115,1453,full,fix,0,351.6,48322
14,2115,1453,full,before,0,75.1,41790
14,2115,1453,roads,after,0,65.6,26552
14,2115,1453,roads,fix,0,62.8,26552
14,2115,1453,roads,before,0,51.1,26552
14,2115,1453,roads,fix,1,65.0,26552
14,2115,1453,roads,before,1,60.2,26552
14,2115,1453,roads,after,1,64.3,26552
14,2115,1453,full,fix,1,330.6,48322
14,2115,1453,full,before,1,58.9,41790
14,2115,1453,full,after,1,287.8,48322
14,2115,1453,full,before,2,55.6,41790
14,2115,1453,full,after,2,301.7,48322
14,2115,1453,full,fix,2,287.8,48322
14,2115,1453,roads,before,2,39.1,26552
14,2115,1453,roads,after,2,45.6,26552
14,2115,1453,roads,fix,2,45.3,26552
14,2115,1453,roads,after,3,48.2,26552
14,2115,1453,roads,fix,3,45.5,26552
14,2115,1453,roads,before,3,41.0,26552
14,2115,1453,full,after,3,295.1,48322
14,2115,1453,full,fix,3,289.0,48322
14,2115,1453,full,before,3,61.5,41790
14,2115,1453,full,fix,4,302.8,48322
14,2115,1453,full,before,4,70.0,41790
14,2115,1453,full,after,4,311.0,48322
14,2115,1453,roads,fix,4,56.2,26552
14,2115,1453,roads,before,4,44.9,26552
14,2115,1453,roads,after,4,59.7,26552
14,2115,1453,roads,before,5,48.6,26552
14,2115,1453,roads,after,5,51.5,26552
14,2115,1453,roads,fix,5,56.6,26552
14,2115,1453,full,before,5,68.4,41790
14,2115,1453,full,after,5,341.0,48322
14,2115,1453,full,fix,5,349.4,48322
14,2115,1453,full,after,6,338.0,48322
14,2115,1453,full,fix,6,314.6,48322
14,2115,1453,full,before,6,56.9,41790
14,2115,1453,roads,after,6,48.3,26552
14,2115,1453,roads,fix,6,43.5,26552
14,2115,1453,roads,before,6,39.1,26552
14,2115,1453,roads,fix,7,45.0,26552
14,2115,1453,roads,before,7,38.1,26552
14,2115,1453,roads,after,7,48.5,26552
14,2115,1453,full,fix,7,316.9,48322
14,2115,1453,full,before,7,62.3,41790
14,2115,1453,full,after,7,350.4,48322
14,2115,1453,full,before,8,66.6,41790
14,2115,1453,full,after,8,331.3,48322
14,2115,1453,full,fix,8,319.0,48322
14,2115,1453,roads,before,8,44.9,26552
14,2115,1453,roads,after,8,51.8,26552
14,2115,1453,roads,fix,8,55.1,26552
14,2116,1453,full,fix,0,578.1,566495
14,2116,1453,full,before,0,305.2,490005
14,2116,1453,full,after,0,638.1,566495
14,2116,1453,roads,fix,0,130.0,291175
14,2116,1453,roads,before,0,126.4,300100
14,2116,1453,roads,after,0,188.0,291175
14,2116,1453,roads,before,1,148.6,300100
14,2116,1453,roads,after,1,193.9,291175
14,2116,1453,roads,fix,1,156.5,291175
14,2116,1453,full,before,1,370.6,490005
14,2116,1453,full,after,1,769.6,566495
14,2116,1453,full,fix,1,817.7,566495
14,2116,1453,full,after,2,788.9,566495
14,2116,1453,full,fix,2,690.6,566495
14,2116,1453,full,before,2,303.5,490005
14,2116,1453,roads,after,2,193.8,291175
14,2116,1453,roads,fix,2,150.3,291175
14,2116,1453,roads,before,2,135.9,300100
14,2116,1453,roads,fix,3,148.6,291175
14,2116,1453,roads,before,3,154.7,300100
14,2116,1453,roads,after,3,174.7,291175
14,2116,1453,full,fix,3,604.2,566495
14,2116,1453,full,before,3,314.4,490005
14,2116,1453,full,after,3,615.9,566495
14,2116,1453,full,before,4,315.8,490005
14,2116,1453,full,after,4,695.4,566495
14,2116,1453,full,fix,4,673.2,566495
14,2116,1453,roads,before,4,153.9,300100
14,2116,1453,roads,after,4,184.9,291175
14,2116,1453,roads,fix,4,134.7,291175
14,2116,1453,roads,after,5,151.3,291175
14,2116,1453,roads,fix,5,141.8,291175
14,2116,1453,roads,before,5,127.9,300100
14,2116,1453,full,after,5,656.5,566495
14,2116,1453,full,fix,5,631.4,566495
14,2116,1453,full,before,5,321.1,490005
14,2116,1453,full,fix,6,653.4,566495
14,2116,1453,full,before,6,336.6,490005
14,2116,1453,full,after,6,683.6,566495
14,2116,1453,roads,fix,6,147.8,291175
14,2116,1453,roads,before,6,144.2,300100
14,2116,1453,roads,after,6,239.6,291175
14,2116,1453,roads,before,7,171.9,300100
14,2116,1453,roads,after,7,209.8,291175
14,2116,1453,roads,fix,7,162.1,291175
14,2116,1453,full,before,7,351.2,490005
14,2116,1453,full,after,7,724.3,566495
14,2116,1453,full,fix,7,621.5,566495
14,2116,1453,full,after,8,612.3,566495
14,2116,1453,full,fix,8,585.7,566495
14,2116,1453,full,before,8,303.0,490005
14,2116,1453,roads,after,8,156.0,291175
14,2116,1453,roads,fix,8,138.0,291175
14,2116,1453,roads,before,8,127.3,300100
14,2117,1453,full,before,0,534.5,1178234
14,2117,1453,full,after,0,953.3,1279386
14,2117,1453,full,fix,0,809.5,1279386
14,2117,1453,roads,before,0,279.4,778418
14,2117,1453,roads,after,0,446.6,722369
14,2117,1453,roads,fix,0,301.8,722369
14,2117,1453,roads,after,1,433.3,722369
14,2117,1453,roads,fix,1,271.0,722369
14,2117,1453,roads,before,1,252.3,778418
14,2117,1453,full,after,1,1010.0,1279386
14,2117,1453,full,fix,1,834.4,1279386
14,2117,1453,full,before,1,502.4,1178234
14,2117,1453,full,fix,2,781.1,1279386
14,2117,1453,full,before,2,542.5,1178234
14,2117,1453,full,after,2,988.7,1279386
14,2117,1453,roads,fix,2,273.8,722369
14,2117,1453,roads,before,2,252.0,778418
14,2117,1453,roads,after,2,436.9,722369
14,2117,1453,roads,before,3,275.7,778418
14,2117,1453,roads,after,3,438.3,722369
14,2117,1453,roads,fix,3,297.0,722369
14,2117,1453,full,before,3,537.7,1178234
14,2117,1453,full,after,3,913.9,1279386
14,2117,1453,full,fix,3,904.0,1279386
14,2117,1453,full,after,4,1008.5,1279386
14,2117,1453,full,fix,4,788.1,1279386
14,2117,1453,full,before,4,549.4,1178234
14,2117,1453,roads,after,4,463.9,722369
14,2117,1453,roads,fix,4,302.7,722369
14,2117,1453,roads,before,4,275.5,778418
14,2117,1453,roads,fix,5,270.0,722369
14,2117,1453,roads,before,5,253.4,778418
14,2117,1453,roads,after,5,416.6,722369
14,2117,1453,full,fix,5,906.0,1279386
14,2117,1453,full,before,5,740.2,1178234
14,2117,1453,full,after,5,1180.3,1279386
14,2117,1453,full,before,6,546.3,1178234
14,2117,1453,full,after,6,1065.0,1279386
14,2117,1453,full,fix,6,821.3,1279386
14,2117,1453,roads,before,6,250.5,778418
14,2117,1453,roads,after,6,445.7,722369
14,2117,1453,roads,fix,6,296.6,722369
14,2117,1453,roads,after,7,466.9,722369
14,2117,1453,roads,fix,7,303.2,722369
14,2117,1453,roads,before,7,318.9,778418
14,2117,1453,full,after,7,1069.0,1279386
14,2117,1453,full,fix,7,912.6,1279386
14,2117,1453,full,before,7,569.8,1178234
14,2117,1453,full,fix,8,903.3,1279386
14,2117,1453,full,before,8,576.6,1178234
14,2117,1453,full,after,8,1114.1,1279386
14,2117,1453,roads,fix,8,320.9,722369
14,2117,1453,roads,before,8,294.3,778418
14,2117,1453,roads,after,8,506.0,722369
14,2118,1453,full,after,0,780.7,859304
14,2118,1453,full,fix,0,722.2,859304
14,2118,1453,full,before,0,416.9,808567
14,2118,1453,roads,after,0,262.2,480054
14,2118,1453,roads,fix,0,186.1,480054
14,2118,1453,roads,before,0,175.1,528940
14,2118,1453,roads,fix,1,200.9,480054
14,2118,1453,roads,before,1,223.8,528940
14,2118,1453,roads,after,1,313.8,480054
14,2118,1453,full,fix,1,865.3,859304
14,2118,1453,full,before,1,536.7,808567
14,2118,1453,full,after,1,939.2,859304
14,2118,1453,full,before,2,454.8,808567
14,2118,1453,full,after,2,823.2,859304
14,2118,1453,full,fix,2,784.1,859304
14,2118,1453,roads,before,2,198.3,528940
14,2118,1453,roads,after,2,293.3,480054
14,2118,1453,roads,fix,2,207.6,480054
14,2118,1453,roads,after,3,266.7,480054
14,2118,1453,roads,fix,3,170.6,480054
14,2118,1453,roads,before,3,171.0,528940
14,2118,1453,full,after,3,758.8,859304
14,2118,1453,full,fix,3,712.8,859304
14,2118,1453,full,before,3,457.5,808567
14,2118,1453,full,fix,4,742.9,859304
14,2118,1453,full,before,4,428.4,808567
14,2118,1453,full,after,4,985.7,859304
14,2118,1453,roads,fix,4,263.5,480054
14,2118,1453,roads,before,4,263.7,528940
14,2118,1453,roads,after,4,370.7,480054
14,2118,1453,roads,before,5,260.4,528940
14,2118,1453,roads,after,5,363.9,480054
14,2118,1453,roads,fix,5,246.1,480054
14,2118,1453,full,before,5,548.4,808567
14,2118,1453,full,after,5,1011.9,859304
14,2118,1453,full,fix,5,870.8,859304
14,2118,1453,full,after,6,863.3,859304
14,2118,1453,full,fix,6,815.2,859304
14,2118,1453,full,before,6,495.3,808567
14,2118,1453,roads,after,6,315.3,480054
14,2118,1453,roads,fix,6,225.7,480054
14,2118,1453,roads,before,6,206.3,528940
14,2118,1453,roads,fix,7,212.8,480054
14,2118,1453,roads,before,7,230.9,528940
14,2118,1453,roads,after,7,261.1,480054
14,2118,1453,full,fix,7,707.4,859304
14,2118,1453,full,before,7,438.1,808567
14,2118,1453,full,after,7,885.0,859304
14,2118,1453,full,before,8,485.5,808567
14,2118,1453,full,after,8,800.1,859304
14,2118,1453,full,fix,8,790.8,859304
14,2118,1453,roads,before,8,200.6,528940
14,2118,1453,roads,after,8,295.2,480054
14,2118,1453,roads,fix,8,203.8,480054
14,2115,1454,full,fix,0,472.6,121539
14,2115,1454,full,before,0,77.1,105781
14,2115,1454,full,after,0,342.3,121539
14,2115,1454,roads,fix,0,62.2,52102
14,2115,1454,roads,before,0,52.2,53874
14,2115,1454,roads,after,0,73.2,52102
14,2115,1454,roads,before,1,50.7,53874
14,2115,1454,roads,after,1,72.2,52102
14,2115,1454,roads,fix,1,68.9,52102
14,2115,1454,full,before,1,82.8,105781
14,2115,1454,full,after,1,324.0,121539
14,2115,1454,full,fix,1,299.9,121539
14,2115,1454,full,after,2,304.8,121539
14,2115,1454,full,fix,2,324.8,121539
14,2115,1454,full,before,2,79.5,105781
14,2115,1454,roads,after,2,67.7,52102
14,2115,1454,roads,fix,2,62.3,52102
14,2115,1454,roads,before,2,46.5,53874
14,2115,1454,roads,fix,3,60.2,52102
14,2115,1454,roads,before,3,49.5,53874
14,2115,1454,roads,after,3,64.7,52102
14,2115,1454,full,fix,3,335.9,121539
14,2115,1454,full,before,3,78.6,105781
14,2115,1454,full,after,3,355.1,121539
14,2115,1454,full,before,4,94.5,105781
14,2115,1454,full,after,4,350.8,121539
14,2115,1454,full,fix,4,311.5,121539
14,2115,1454,roads,before,4,47.7,53874
14,2115,1454,roads,after,4,56.3,52102
14,2115,1454,roads,fix,4,51.4,52102
14,2115,1454,roads,after,5,58.4,52102
14,2115,1454,roads,fix,5,55.8,52102
14,2115,1454,roads,before,5,44.8,53874
14,2115,1454,full,after,5,337.5,121539
14,2115,1454,full,fix,5,346.9,121539
14,2115,1454,full,before,5,96.5,105781
14,2115,1454,full,fix,6,351.7,121539
14,2115,1454,full,before,6,80.5,105781
14,2115,1454,full,after,6,337.5,121539
14,2115,1454,roads,fix,6,64.1,52102
14,2115,1454,roads,before,6,50.6,53874
14,2115,1454,roads,after,6,58.4,52102
14,2115,1454,roads,before,7,47.4,53874
14,2115,1454,roads,after,7,64.7,52102
14,2115,1454,roads,fix,7,65.6,52102
14,2115,1454,full,before,7,96.9,105781
14,2115,1454,full,after,7,347.2,121539
14,2115,1454,full,fix,7,333.4,121539
14,2115,1454,full,after,8,323.8,121539
14,2115,1454,full,fix,8,358.3,121539
14,2115,1454,full,before,8,86.0,105781
14,2115,1454,roads,after,8,66.7,52102
14,2115,1454,roads,fix,8,62.8,52102
14,2115,1454,roads,before,8,53.5,53874
14,2116,1454,full,before,0,387.2,629158
14,2116,1454,full,after,0,837.5,776889
14,2116,1454,full,fix,0,802.8,776889
14,2116,1454,roads,before,0,166.9,372007
14,2116,1454,roads,after,0,202.8,349776
14,2116,1454,roads,fix,0,170.2,349776
14,2116,1454,roads,after,1,214.2,349776
14,2116,1454,roads,fix,1,170.8,349776
14,2116,1454,roads,before,1,151.2,372007
14,2116,1454,full,after,1,735.7,776889
14,2116,1454,full,fix,1,696.2,776889
14,2116,1454,full,before,1,389.2,629158
14,2116,1454,full,fix,2,707.8,776889
14,2116,1454,full,before,2,360.5,629158
14,2116,1454,full,after,2,669.7,776889
14,2116,1454,roads,fix,2,140.2,349776
14,2116,1454,roads,before,2,134.4,372007
14,2116,1454,roads,after,2,188.3,349776
14,2116,1454,roads,before,3,163.9,372007
14,2116,1454,roads,after,3,219.3,349776
14,2116,1454,roads,fix,3,171.5,349776
14,2116,1454,full,before,3,386.9,629158
14,2116,1454,full,after,3,769.6,776889
14,2116,1454,full,fix,3,735.7,776889
14,2116,1454,full,after,4,714.9,776889
14,2116,1454,full,fix,4,717.1,776889
14,2116,1454,full,before,4,362.0,629158
14,2116,1454,roads,after,4,191.7,349776
14,2116,1454,roads,fix,4,166.7,349776
14,2116,1454,roads,before,4,152.3,372007
14,2116,1454,roads,fix,5,158.0,349776
14,2116,1454,roads,before,5,136.7,372007
14,2116,1454,roads,after,5,177.2,349776
14,2116,1454,full,fix,5,708.7,776889
14,2116,1454,full,before,5,358.0,629158
14,2116,1454,full,after,5,754.5,776889
14,2116,1454,full,before,6,366.3,629158
14,2116,1454,full,after,6,697.7,776889
14,2116,1454,full,fix,6,692.7,776889
14,2116,1454,roads,before,6,176.6,372007
14,2116,1454,roads,after,6,204.9,349776
14,2116,1454,roads,fix,6,154.0,349776
14,2116,1454,roads,after,7,203.5,349776
14,2116,1454,roads,fix,7,168.5,349776
14,2116,1454,roads,before,7,145.6,372007
14,2116,1454,full,after,7,749.4,776889
14,2116,1454,full,fix,7,687.8,776889
14,2116,1454,full,before,7,341.3,629158
14,2116,1454,full,fix,8,734.5,776889
14,2116,1454,full,before,8,389.8,629158
14,2116,1454,full,after,8,812.8,776889
14,2116,1454,roads,fix,8,165.5,349776
14,2116,1454,roads,before,8,143.0,372007
14,2116,1454,roads,after,8,174.7,349776
14,2117,1454,full,after,0,1020.1,1193851
14,2117,1454,full,fix,0,868.2,1193851
14,2117,1454,full,before,0,506.5,1040326
14,2117,1454,roads,after,0,385.2,703340
14,2117,1454,roads,fix,0,267.1,703340
14,2117,1454,roads,before,0,246.5,700081
14,2117,1454,roads,fix,1,293.5,703340
14,2117,1454,roads,before,1,263.5,700081
14,2117,1454,roads,after,1,393.8,703340
14,2117,1454,full,fix,1,870.1,1193851
14,2117,1454,full,before,1,551.6,1040326
14,2117,1454,full,after,1,1022.0,1193851
14,2117,1454,full,before,2,574.2,1040325
14,2117,1454,full,after,2,911.4,1193851
14,2117,1454,full,fix,2,911.5,1193851
14,2117,1454,roads,before,2,260.2,700081
14,2117,1454,roads,after,2,397.1,703340
14,2117,1454,roads,fix,2,277.9,703340
14,2117,1454,roads,after,3,356.8,703340
14,2117,1454,roads,fix,3,280.5,703340
14,2117,1454,roads,before,3,247.8,700081
14,2117,1454,full,after,3,982.8,1193851
14,2117,1454,full,fix,3,1001.2,1193851
14,2117,1454,full,before,3,518.4,1040326
14,2117,1454,full,fix,4,992.4,1193851
14,2117,1454,full,before,4,607.0,1040326
14,2117,1454,full,after,4,1133.7,1193851
14,2117,1454,roads,fix,4,268.7,703340
14,2117,1454,roads,before,4,257.9,700081
14,2117,1454,roads,after,4,399.3,703340
14,2117,1454,roads,before,5,266.9,700081
14,2117,1454,roads,after,5,415.5,703340
14,2117,1454,roads,fix,5,275.8,703340
14,2117,1454,full,before,5,522.4,1040326
14,2117,1454,full,after,5,907.5,1193851
14,2117,1454,full,fix,5,878.0,1193851
14,2117,1454,full,after,6,1003.1,1193851
14,2117,1454,full,fix,6,914.1,1193851
14,2117,1454,full,before,6,545.3,1040326
14,2117,1454,roads,after,6,425.9,703340
14,2117,1454,roads,fix,6,311.3,703340
14,2117,1454,roads,before,6,275.5,700081
14,2117,1454,roads,fix,7,269.8,703340
14,2117,1454,roads,before,7,248.0,700081
14,2117,1454,roads,after,7,371.2,703340
14,2117,1454,full,fix,7,787.9,1193851
14,2117,1454,full,before,7,494.2,1040326
14,2117,1454,full,after,7,939.6,1193851
14,2117,1454,full,before,8,502.6,1040326
14,2117,1454,full,after,8,876.4,1193851
14,2117,1454,full,fix,8,830.5,1193851
14,2117,1454,roads,before,8,232.6,700081
14,2117,1454,roads,after,8,366.3,703340
14,2117,1454,roads,fix,8,269.6,703340
14,2118,1454,full,fix,0,574.3,510431
14,2118,1454,full,before,0,323.2,478820
14,2118,1454,full,after,0,621.2,510431
14,2118,1454,roads,fix,0,132.5,290350
14,2118,1454,roads,before,0,120.9,312091
14,2118,1454,roads,after,0,173.1,290350
14,2118,1454,roads,before,1,124.8,312091
14,2118,1454,roads,after,1,156.1,290350
14,2118,1454,roads,fix,1,122.5,290350
14,2118,1454,full,before,1,319.1,478820
14,2118,1454,full,after,1,664.0,510431
14,2118,1454,full,fix,1,625.7,510431
14,2118,1454,full,after,2,689.0,510431
14,2118,1454,full,fix,2,801.5,510431
14,2118,1454,full,before,2,438.5,478820
14,2118,1454,roads,after,2,230.9,290350
14,2118,1454,roads,fix,2,144.4,290350
14,2118,1454,roads,before,2,141.7,312091
14,2118,1454,roads,fix,3,152.4,290350
14,2118,1454,roads,before,3,135.1,312091
14,2118,1454,roads,after,3,181.4,290350
14,2118,1454,full,fix,3,575.9,510431
14,2118,1454,full,before,3,287.8,478820
14,2118,1454,full,after,3,585.7,510431
14,2118,1454,full,before,4,319.2,478820
14,2118,1454,full,after,4,639.0,510431
14,2118,1454,full,fix,4,569.3,510431
14,2118,1454,roads,before,4,118.0,312091
14,2118,1454,roads,after,4,163.3,290350
14,2118,1454,roads,fix,4,125.7,290350
14,2118,1454,roads,after,5,155.7,290350
14,2118,1454,roads,fix,5,127.0,290350
14,2118,1454,roads,before,5,118.2,312091
14,2118,1454,full,after,5,685.7,510431
14,2118,1454,full,fix,5,654.5,510431
14,2118,1454,full,before,5,352.3,478820
14,2118,1454,full,fix,6,612.7,510431
14,2118,1454,full,before,6,305.2,478820
14,2118,1454,full,after,6,681.2,510431
14,2118,1454,roads,fix,6,136.6,290350
14,2118,1454,roads,before,6,131.4,312091
14,2118,1454,roads,after,6,176.8,290350
14,2118,1454,roads,before,7,130.4,312091
14,2118,1454,roads,after,7,179.2,290350
14,2118,1454,roads,fix,7,149.2,290350
14,2118,1454,full,before,7,326.3,478820
14,2118,1454,full,after,7,577.9,510431
14,2118,1454,full,fix,7,563.9,510431
14,2118,1454,full,after,8,620.2,510431
14,2118,1454,full,fix,8,590.2,510431
14,2118,1454,full,before,8,309.8,478820
14,2118,1454,roads,after,8,156.0,290350
14,2118,1454,roads,fix,8,129.4,290350
14,2118,1454,roads,before,8,121.3,312091
16,8469,5813,full,fix,0,379.4,488188
16,8469,5813,full,before,0,114.5,384666
16,8469,5813,full,after,0,351.0,488188
16,8469,5813,roads,fix,0,72.4,315781
16,8469,5813,roads,before,0,61.0,247497
16,8469,5813,roads,after,0,81.7,315781
16,8469,5813,roads,before,1,65.2,247497
16,8469,5813,roads,after,1,84.5,315781
16,8469,5813,roads,fix,1,82.8,315781
16,8469,5813,full,before,1,120.3,384666
16,8469,5813,full,after,1,386.9,488188
16,8469,5813,full,fix,1,380.1,488188
16,8469,5813,full,after,2,404.7,488188
16,8469,5813,full,fix,2,362.6,488188
16,8469,5813,full,before,2,111.6,384666
16,8469,5813,roads,after,2,84.2,315781
16,8469,5813,roads,fix,2,72.1,315781
16,8469,5813,roads,before,2,68.3,247497
16,8469,5813,roads,fix,3,75.6,315781
16,8469,5813,roads,before,3,67.9,247497
16,8469,5813,roads,after,3,81.3,315781
16,8469,5813,full,fix,3,348.0,488188
16,8469,5813,full,before,3,117.3,384666
16,8469,5813,full,after,3,405.5,488188
16,8469,5813,full,before,4,127.7,384666
16,8469,5813,full,after,4,390.8,488188
16,8469,5813,full,fix,4,468.0,488188
16,8469,5813,roads,before,4,78.4,247497
16,8469,5813,roads,after,4,107.7,315781
16,8469,5813,roads,fix,4,98.1,315781
16,8469,5813,roads,after,5,104.5,315781
16,8469,5813,roads,fix,5,104.7,315781
16,8469,5813,roads,before,5,82.3,247497
16,8469,5813,full,after,5,420.2,488188
16,8469,5813,full,fix,5,433.1,488188
16,8469,5813,full,before,5,119.9,384666
16,8469,5813,full,fix,6,433.4,488188
16,8469,5813,full,before,6,138.2,384666
16,8469,5813,full,after,6,447.4,488188
16,8469,5813,roads,fix,6,89.6,315781
16,8469,5813,roads,before,6,72.1,247497
16,8469,5813,roads,after,6,97.9,315781
16,8469,5813,roads,before,7,81.5,247497
16,8469,5813,roads,after,7,107.0,315781
16,8469,5813,roads,fix,7,101.3,315781
16,8469,5813,full,before,7,136.1,384666
16,8469,5813,full,after,7,400.4,488188
16,8469,5813,full,fix,7,384.4,488188
16,8469,5813,full,after,8,407.3,488188
16,8469,5813,full,fix,8,320.9,488188
16,8469,5813,full,before,8,108.6,384666
16,8469,5813,roads,after,8,86.0,315781
16,8469,5813,roads,fix,8,73.6,315781
16,8469,5813,roads,before,8,64.2,247497
16,8470,5813,full,before,0,255.6,740908
16,8470,5813,full,after,0,516.0,893800
16,8470,5813,full,fix,0,466.6,893800
16,8470,5813,roads,before,0,117.8,500943
16,8470,5813,roads,after,0,151.7,594725
16,8470,5813,roads,fix,0,147.4,594725
16,8470,5813,roads,after,1,163.4,594725
16,8470,5813,roads,fix,1,142.8,594725
16,8470,5813,roads,before,1,145.4,500943
16,8470,5813,full,after,1,540.1,893800
16,8470,5813,full,fix,1,528.8,893800
16,8470,5813,full,before,1,224.8,740908
16,8470,5813,full,fix,2,476.6,893800
16,8470,5813,full,before,2,207.8,740908
16,8470,5813,full,after,2,532.8,893800
16,8470,5813,roads,fix,2,141.4,594725
16,8470,5813,roads,before,2,135.7,500943
16,8470,5813,roads,after,2,165.1,594725
16,8470,5813,roads,before,3,133.9,500943
16,8470,5813,roads,after,3,167.1,594725
16,8470,5813,roads,fix,3,152.8,594725
16,8470,5813,full,before,3,245.0,740908
16,8470,5813,full,after,3,520.9,893800
16,8470,5813,full,fix,3,494.5,893800
16,8470,5813,full,after,4,570.6,893800
16,8470,5813,full,fix,4,533.9,893800
16,8470,5813,full,before,4,242.2,740908
16,8470,5813,roads,after,4,168.9,594725
16,8470,5813,roads,fix,4,150.5,594725
16,8470,5813,roads,before,4,132.9,500943
16,8470,5813,roads,fix,5,139.5,594725
16,8470,5813,roads,before,5,120.5,500943
16,8470,5813,roads,after,5,148.9,594725
16,8470,5813,full,fix,5,474.7,893800
16,8470,5813,full,before,5,246.5,740908
16,8470,5813,full,after,5,547.6,893800
16,8470,5813,full,before,6,240.1,740908
16,8470,5813,full,after,6,564.1,893800
16,8470,5813,full,fix,6,506.7,893800
16,8470,5813,roads,before,6,138.5,500943
16,8470,5813,roads,after,6,177.4,594725
16,8470,5813,roads,fix,6,144.0,594725
16,8470,5813,roads,after,7,166.9,594725
16,8470,5813,roads,fix,7,168.4,594725
16,8470,5813,roads,before,7,142.7,500943
16,8470,5813,full,after,7,594.3,893800
16,8470,5813,full,fix,7,563.4,893800
16,8470,5813,full,before,7,266.7,740908
16,8470,5813,full,fix,8,550.1,893800
16,8470,5813,full,before,8,245.1,740908
16,8470,5813,full,after,8,581.9,893800
16,8470,5813,roads,fix,8,159.8,594725
16,8470,5813,roads,before,8,128.7,500943
16,8470,5813,roads,after,8,167.9,594725
16,8471,5813,full,after,0,518.0,688244
16,8471,5813,full,fix,0,485.1,690406
16,8471,5813,full,before,0,166.3,561139
16,8471,5813,roads,after,0,143.1,439802
16,8471,5813,roads,fix,0,126.3,442153
16,8471,5813,roads,before,0,120.2,358231
16,8471,5813,roads,fix,1,124.6,442153
16,8471,5813,roads,before,1,119.6,358231
16,8471,5813,roads,after,1,166.9,439802
16,8471,5813,full,fix,1,507.3,690406
16,8471,5813,full,before,1,175.1,561139
16,8471,5813,full,after,1,465.9,688244
16,8471,5813,full,before,2,167.9,561139
16,8471,5813,full,after,2,469.6,688244
16,8471,5813,full,fix,2,428.3,690406
16,8471,5813,roads,before,2,116.8,358231
16,8471,5813,roads,after,2,136.6,439802
16,8471,5813,roads,fix,2,125.8,442153
16,8471,5813,roads,after,3,151.5,439802
16,8471,5813,roads,fix,3,135.3,442153
16,8471,5813,roads,before,3,114.5,358231
16,8471,5813,full,after,3,481.0,688244
16,8471,5813,full,fix,3,483.4,690406
16,8471,5813,full,before,3,166.2,561139
16,8471,5813,full,fix,4,448.8,690406
16,8471,5813,full,before,4,191.4,561139
16,8471,5813,full,after,4,483.6,688244
16,8471,5813,roads,fix,4,162.4,442153
16,8471,5813,roads,before,4,159.0,358231
16,8471,5813,roads,after,4,181.0,439802
16,8471,5813,roads,before,5,155.1,358231
16,8471,5813,roads,after,5,165.0,439802
16,8471,5813,roads,fix,5,150.5,442153
16,8471,5813,full,before,5,197.4,561139
16,8471,5813,full,after,5,609.6,688244
16,8471,5813,full,fix,5,482.9,690406
16,8471,5813,full,after,6,491.0,688244
16,8471,5813,full,fix,6,539.8,690406
16,8471,5813,full,before,6,193.9,561139
16,8471,5813,roads,after,6,167.2,439802
16,8471,5813,roads,fix,6,157.9,442153
16,8471,5813,roads,before,6,133.7,358231
16,8471,5813,roads,fix,7,148.7,442153
16,8471,5813,roads,before,7,140.8,358231
16,8471,5813,roads,after,7,189.7,439802
16,8471,5813,full,fix,7,523.5,690406
16,8471,5813,full,before,7,194.7,561139
16,8471,5813,full,after,7,524.5,688244
16,8471,5813,full,before,8,176.6,561139
16,8471,5813,full,after,8,555.1,688244
16,8471,5813,full,fix,8,535.4,690406
16,8471,5813,roads,before,8,113.5,358231
16,8471,5813,roads,after,8,136.9,439802
16,8471,5813,roads,fix,8,122.9,442153
16,8469,5814,full,before,0,207.3,724759
16,8469,5814,full,after,0,436.6,864225
16,8469,5814,full,fix,0,472.5,864521
16,8469,5814,roads,before,0,123.0,456154
16,8469,5814,roads,after,0,161.5,531840
16,8469,5814,roads,fix,0,151.6,532172
16,8469,5814,roads,after,1,161.1,531840
16,8469,5814,roads,fix,1,153.3,532172
16,8469,5814,roads,before,1,129.8,456154
16,8469,5814,full,after,1,516.8,864225
16,8469,5814,full,fix,1,422.2,864521
16,8469,5814,full,before,1,203.5,724759
16,8469,5814,full,fix,2,421.9,864521
16,8469,5814,full,before,2,224.4,724759
16,8469,5814,full,after,2,486.1,864225
16,8469,5814,roads,fix,2,134.1,532172
16,8469,5814,roads,before,2,121.3,456154
16,8469,5814,roads,after,2,149.5,531840
16,8469,5814,roads,before,3,118.3,456154
16,8469,5814,roads,after,3,146.8,531840
16,8469,5814,roads,fix,3,129.2,532172
16,8469,5814,full,before,3,202.8,724759
16,8469,5814,full,after,3,464.6,864225
16,8469,5814,full,fix,3,463.2,864521
16,8469,5814,full,after,4,524.0,864225
16,8469,5814,full,fix,4,463.5,864521
16,8469,5814,full,before,4,226.3,724759
16,8469,5814,roads,after,4,156.0,531840
16,8469,5814,roads,fix,4,154.0,532172
16,8469,5814,roads,before,4,130.5,456154
16,8469,5814,roads,fix,5,125.1,532172
16,8469,5814,roads,before,5,117.8,456154
16,8469,5814,roads,after,5,137.4,531840
16,8469,5814,full,fix,5,425.3,864521
16,8469,5814,full,before,5,215.3,724759
16,8469,5814,full,after,5,457.7,864225
16,8469,5814,full,before,6,219.7,724759
16,8469,5814,full,after,6,488.2,864225
16,8469,5814,full,fix,6,448.4,864521
16,8469,5814,roads,before,6,131.9,456154
16,8469,5814,roads,after,6,152.7,531840
16,8469,5814,roads,fix,6,142.3,532172
16,8469,5814,roads,after,7,160.7,531840
16,8469,5814,roads,fix,7,146.6,532172
16,8469,5814,roads,before,7,145.7,456154
16,8469,5814,full,after,7,498.7,864225
16,8469,5814,full,fix,7,451.5,864521
16,8469,5814,full,before,7,220.6,724759
16,8469,5814,full,fix,8,472.4,864521
16,8469,5814,full,before,8,225.2,724759
16,8469,5814,full,after,8,465.6,864225
16,8469,5814,roads,fix,8,136.5,532172
16,8469,5814,roads,before,8,121.1,456154
16,8469,5814,roads,after,8,154.7,531840
16,8470,5814,full,after,0,612.5,964666
16,8470,5814,full,fix,0,620.7,964666
16,8470,5814,full,before,0,296.5,812229
16,8470,5814,roads,after,0,205.0,616432
16,8470,5814,roads,fix,0,215.0,616432
16,8470,5814,roads,before,0,166.8,537520
16,8470,5814,roads,fix,1,187.9,616432
16,8470,5814,roads,before,1,162.6,537520
16,8470,5814,roads,after,1,206.4,616432
16,8470,5814,full,fix,1,553.8,964666
16,8470,5814,full,before,1,265.2,812229
16,8470,5814,full,after,1,571.8,964666
16,8470,5814,full,before,2,249.9,812229
16,8470,5814,full,after,2,544.5,964666
16,8470,5814,full,fix,2,512.8,964666
16,8470,5814,roads,before,2,135.3,537520
16,8470,5814,roads,after,2,171.4,616432
16,8470,5814,roads,fix,2,138.4,616432
16,8470,5814,roads,after,3,158.1,616432
16,8470,5814,roads,fix,3,144.7,616432
16,8470,5814,roads,before,3,127.4,537520
16,8470,5814,full,after,3,537.4,964666
16,8470,5814,full,fix,3,526.6,964666
16,8470,5814,full,before,3,269.4,812229
16,8470,5814,full,fix,4,583.9,964666
16,8470,5814,full,before,4,236.9,812229
16,8470,5814,full,after,4,525.6,964666
16,8470,5814,roads,fix,4,136.6,616432
16,8470,5814,roads,before,4,120.8,537520
16,8470,5814,roads,after,4,171.8,616432
16,8470,5814,roads,before,5,136.8,537520
16,8470,5814,roads,after,5,173.9,616432
16,8470,5814,roads,fix,5,143.8,616432
16,8470,5814,full,before,5,246.7,812229
16,8470,5814,full,after,5,559.0,964666
16,8470,5814,full,fix,5,491.7,964666
16,8470,5814,full,after,6,509.0,964666
16,8470,5814,full,fix,6,536.0,964666
16,8470,5814,full,before,6,265.6,812229
16,8470,5814,roads,after,6,181.2,616432
16,8470,5814,roads,fix,6,152.8,616432
16,8470,5814,roads,before,6,146.0,537520
16,8470,5814,roads,fix,7,162.0,616432
16,8470,5814,roads,before,7,140.4,537520
16,8470,5814,roads,after,7,168.8,616432
16,8470,5814,full,fix,7,488.1,964666
16,8470,5814,full,before,7,248.5,812229
16,8470,5814,full,after,7,540.4,964666
16,8470,5814,full,before,8,248.6,812229
16,8470,5814,full,after,8,559.8,964666
16,8470,5814,full,fix,8,535.1,964666
16,8470,5814,roads,before,8,135.2,537520
16,8470,5814,roads,after,8,168.3,616432
16,8470,5814,roads,fix,8,143.8,616432
16,8471,5814,full,fix,0,642.1,1086521
16,8471,5814,full,before,0,291.3,919217
16,8471,5814,full,after,0,600.0,1086521
16,8471,5814,roads,fix,0,156.8,616923
16,8471,5814,roads,before,0,147.6,536352
16,8471,5814,roads,after,0,194.8,616923
16,8471,5814,roads,before,1,161.0,536352
16,8471,5814,roads,after,1,199.1,616923
16,8471,5814,roads,fix,1,162.1,616923
16,8471,5814,full,before,1,299.5,919217
16,8471,5814,full,after,1,704.8,1086521
16,8471,5814,full,fix,1,640.4,1086521
16,8471,5814,full,after,2,667.0,1086521
16,8471,5814,full,fix,2,644.5,1086521
16,8471,5814,full,before,2,309.4,919217
16,8471,5814,roads,after,2,242.9,616923
16,8471,5814,roads,fix,2,183.2,616923
16,8471,5814,roads,before,2,168.6,536352
16,8471,5814,roads,fix,3,178.9,616923
16,8471,5814,roads,before,3,170.2,536352
16,8471,5814,roads,after,3,224.6,616923
16,8471,5814,full,fix,3,610.9,1086521
16,8471,5814,full,before,3,275.9,919217
16,8471,5814,full,after,3,680.5,1086521
16,8471,5814,full,before,4,282.4,919217
16,8471,5814,full,after,4,814.4,1086521
16,8471,5814,full,fix,4,606.2,1086521
16,8471,5814,roads,before,4,154.2,536352
16,8471,5814,roads,after,4,208.5,616923
16,8471,5814,roads,fix,4,174.1,616923
16,8471,5814,roads,after,5,231.8,616923
16,8471,5814,roads,fix,5,176.5,616923
16,8471,5814,roads,before,5,164.8,536352
16,8471,5814,full,after,5,708.2,1086521
16,8471,5814,full,fix,5,645.4,1086521
16,8471,5814,full,before,5,300.4,919217
16,8471,5814,full,fix,6,576.8,1086521
16,8471,5814,full,before,6,298.5,919217
16,8471,5814,full,after,6,662.9,1086521
16,8471,5814,roads,fix,6,171.7,616923
16,8471,5814,roads,before,6,153.2,536352
16,8471,5814,roads,after,6,212.8,616923
16,8471,5814,roads,before,7,143.1,536352
16,8471,5814,roads,after,7,199.4,616923
16,8471,5814,roads,fix,7,172.7,616923
16,8471,5814,full,before,7,308.1,919217
16,8471,5814,full,after,7,668.8,1086521
16,8471,5814,full,fix,7,640.0,1086521
16,8471,5814,full,after,8,642.7,1086521
16,8471,5814,full,fix,8,594.3,1086521
16,8471,5814,full,before,8,276.5,919217
16,8471,5814,roads,after,8,197.6,616923
16,8471,5814,roads,fix,8,180.4,616923
16,8471,5814,roads,before,8,154.3,536352
16,8472,5814,full,before,0,72.8,84409
16,8472,5814,full,after,0,276.2,71063
16,8472,5814,full,fix,0,265.2,90832
16,8472,5814,roads,before,0,42.8,64270
16,8472,5814,roads,after,0,51.1,45901
16,8472,5814,roads,fix,0,49.2,67217
16,8472,5814,roads,after,1,49.0,45901
16,8472,5814,roads,fix,1,51.0,67217
16,8472,5814,roads,before,1,44.3,64270
16,8472,5814,full,after,1,277.4,71063
16,8472,5814,full,fix,1,397.9,90832
16,8472,5814,full,before,1,76.7,84409
16,8472,5814,full,fix,2,302.1,90832
16,8472,5814,full,before,2,68.1,84409
16,8472,5814,full,after,2,318.0,71063
16,8472,5814,roads,fix,2,58.3,67217
16,8472,5814,roads,before,2,46.2,64270
16,8472,5814,roads,after,2,56.1,45901
16,8472,5814,roads,before,3,43.9,64270
16,8472,5814,roads,after,3,53.6,45901
16,8472,5814,roads,fix,3,59.2,67217
16,8472,5814,full,before,3,71.6,84409
16,8472,5814,full,after,3,323.4,71063
16,8472,5814,full,fix,3,282.6,90832
16,8472,5814,full,after,4,312.1,71063
16,8472,5814,full,fix,4,288.6,90832
16,8472,5814,full,before,4,65.9,84409
16,8472,5814,roads,after,4,62.1,45901
16,8472,5814,roads,fix,4,58.2,67217
16,8472,5814,roads,before,4,48.3,64270
16,8472,5814,roads,fix,5,57.6,67217
16,8472,5814,roads,before,5,46.3,64270
16,8472,5814,roads,after,5,57.7,45901
16,8472,5814,full,fix,5,344.8,90832
16,8472,5814,full,before,5,76.0,84409
16,8472,5814,full,after,5,342.3,71063
16,8472,5814,full,before,6,77.8,84409
16,8472,5814,full,after,6,330.3,71063
16,8472,5814,full,fix,6,320.4,90832
16,8472,5814,roads,before,6,46.8,64270
16,8472,5814,roads,after,6,57.1,45901
16,8472,5814,roads,fix,6,60.1,67217
16,8472,5814,roads,after,7,58.4,45901
16,8472,5814,roads,fix,7,55.7,67217
16,8472,5814,roads,before,7,49.8,64270
16,8472,5814,full,after,7,329.3,71063
16,8472,5814,full,fix,7,305.7,90832
16,8472,5814,full,before,7,83.9,84409
16,8472,5814,full,fix,8,352.2,90832
16,8472,5814,full,before,8,75.9,84409
16,8472,5814,full,after,8,304.9,71063
16,8472,5814,roads,fix,8,60.2,67217
16,8472,5814,roads,before,8,51.6,64270
16,8472,5814,roads,after,8,57.0,45901
16,8469,5815,full,after,0,467.7,657123
16,8469,5815,full,fix,0,425.8,657568
16,8469,5815,full,before,0,204.4,563619
16,8469,5815,roads,after,0,127.9,401032
16,8469,5815,roads,fix,0,125.8,401837
16,8469,5815,roads,before,0,113.7,341190
16,8469,5815,roads,fix,1,128.8,401837
16,8469,5815,roads,before,1,118.3,341190
16,8469,5815,roads,after,1,139.9,401032
16,8469,5815,full,fix,1,466.2,657568
16,8469,5815,full,before,1,243.2,563619
16,8469,5815,full,after,1,497.6,657123
16,8469,5815,full,before,2,210.8,563619
16,8469,5815,full,after,2,431.1,657123
16,8469,5815,full,fix,2,433.3,657568
16,8469,5815,roads,before,2,129.2,341190
16,8469,5815,roads,after,2,179.8,401032
16,8469,5815,roads,fix,2,147.0,401837
16,8469,5815,roads,after,3,159.9,401032
16,8469,5815,roads,fix,3,145.1,401837
16,8469,5815,roads,before,3,133.1,341190
16,8469,5815,full,after,3,534.3,657123
16,8469,5815,full,fix,3,527.4,657568
16,8469,5815,full,before,3,243.1,563619
16,8469,5815,full,fix,4,465.7,657568
16,8469,5815,full,before,4,222.2,563619
16,8469,5815,full,after,4,508.8,657123
16,8469,5815,roads,fix,4,140.9,401837
16,8469,5815,roads,before,4,131.6,341190
16,8469,5815,roads,after,4,159.2,401032
16,8469,5815,roads,before,5,132.1,341190
16,8469,5815,roads,after,5,166.3,401032
16,8469,5815,roads,fix,5,144.1,401837
16,8469,5815,full,before,5,256.0,563619
16,8469,5815,full,after,5,516.1,657123
16,8469,5815,full,fix,5,465.3,657568
16,8469,5815,full,after,6,480.4,657123
16,8469,5815,full,fix,6,523.6,657568
16,8469,5815,full,before,6,257.9,563619
16,8469,5815,roads,after,6,186.2,401032
16,8469,5815,roads,fix,6,190.3,401837
16,8469,5815,roads,before,6,161.4,341190
16,8469,5815,roads,fix,7,170.6,401837
16,8469,5815,roads,before,7,153.3,341190
16,8469,5815,roads,after,7,189.1,401032
16,8469,5815,full,fix,7,579.3,657568
16,8469,5815,full,before,7,274.1,563619
16,8469,5815,full,after,7,613.0,657123
16,8469,5815,full,before,8,272.0,563619
16,8469,5815,full,after,8,591.4,657123
16,8469,5815,full,fix,8,572.6,657568
16,8469,5815,roads,before,8,155.2,341190
16,8469,5815,roads,after,8,181.2,401032
16,8469,5815,roads,fix,8,132.8,401837
16,8470,5815,full,fix,0,650.9,928590
16,8470,5815,full,before,0,294.6,763791
16,8470,5815,full,after,0,645.2,928281
16,8470,5815,roads,fix,0,163.4,603963
16,8470,5815,roads,before,0,135.2,503612
16,8470,5815,roads,after,0,188.4,603440
16,8470,5815,roads,before,1,143.1,503612
16,8470,5815,roads,after,1,190.4,603440
16,8470,5815,roads,fix,1,165.2,603963
16,8470,5815,full,before,1,335.5,763791
16,8470,5815,full,after,1,691.5,928281
16,8470,5815,full,fix,1,621.6,928590
16,8470,5815,full,after,2,612.9,928281
16,8470,5815,full,fix,2,570.5,928590
16,8470,5815,full,before,2,274.4,763791
16,8470,5815,roads,after,2,193.0,603440
16,8470,5815,roads,fix,2,168.0,603963
16,8470,5815,roads,before,2,159.6,503612
16,8470,5815,roads,fix,3,171.8,603963
16,8470,5815,roads,before,3,152.6,503612
16,8470,5815,roads,after,3,202.2,603440
16,8470,5815,full,fix,3,627.8,928590
16,8470,5815,full,before,3,265.2,763791
16,8470,5815,full,after,3,670.9,928281
16,8470,5815,full,before,4,264.3,763791
16,8470,5815,full,after,4,673.3,928281
16,8470,5815,full,fix,4,609.8,928590
16,8470,5815,roads,before,4,150.4,503612
16,8470,5815,roads,after,4,190.2,603440
16,8470,5815,roads,fix,4,168.0,603963
16,8470,5815,roads,after,5,189.6,603440
16,8470,5815,roads,fix,5,151.5,603963
16,8470,5815,roads,before,5,136.6,503612
16,8470,5815,full,after,5,565.5,928281
16,8470,5815,full,fix,5,593.1,928590
16,8470,5815,full,before,5,277.5,763791
16,8470,5815,full,fix,6,620.9,928590
16,8470,5815,full,before,6,283.3,763791
16,8470,5815,full,after,6,571.5,928281
16,8470,5815,roads,fix,6,153.9,603963
16,8470,5815,roads,before,6,133.1,503612
16,8470,5815,roads,after,6,254.6,603440
16,8470,5815,roads,before,7,194.6,503612
16,8470,5815,roads,after,7,280.7,603440
16,8470,5815,roads,fix,7,261.2,603963
16,8470,5815,full,before,7,353.5,763791
16,8470,5815,full,after,7,756.7,928281
16,8470,5815,full,fix,7,702.6,928590
16,8470,5815,full,after,8,627.8,928281
16,8470,5815,full,fix,8,598.5,928590
16,8470,5815,full,before,8,325.1,763791
16,8470,5815,roads,after,8,231.9,603440
16,8470,5815,roads,fix,8,201.1,603963
16,8470,5815,roads,before,8,170.6,503612
16,8471,5815,full,before,0,401.7,956217
16,8471,5815,full,after,0,821.3,1116379
16,8471,5815,full,fix,0,726.5,1118392
16,8471,5815,roads,before,0,180.7,640107
16,8471,5815,roads,after,0,265.8,705891
16,8471,5815,roads,fix,0,217.1,708213
16,8471,5815,roads,after,1,244.7,705891
16,8471,5815,roads,fix,1,199.8,708213
16,8471,5815,roads,before,1,170.3,640107
16,8471,5815,full,after,1,747.7,1116379
16,8471,5815,full,fix,1,710.2,1118392
16,8471,5815,full,before,1,318.5,956217
16,8471,5815,full,fix,2,625.4,1118392
16,8471,5815,full,before,2,311.0,956217
16,8471,5815,full,after,2,617.1,1116379
16,8471,5815,roads,fix,2,175.8,708213
16,8471,5815,roads,before,2,168.7,640107
16,8471,5815,roads,after,2,245.7,705891
16,8471,5815,roads,before,3,164.1,640107
16,8471,5815,roads,after,3,248.3,705891
16,8471,5815,roads,fix,3,190.5,708213
16,8471,5815,full,before,3,282.1,956217
16,8471,5815,full,after,3,627.1,1116379
16,8471,5815,full,fix,3,626.4,1118392
16,8471,5815,full,after,4,679.9,1116379
16,8471,5815,full,fix,4,635.2,1118392
16,8471,5815,full,before,4,253.3,956217
16,8471,5815,roads,after,4,208.0,705891
16,8471,5815,roads,fix,4,155.6,708213
16,8471,5815,roads,before,4,141.4,640107
16,8471,5815,roads,fix,5,157.1,708213
16,8471,5815,roads,before,5,137.4,640107
16,8471,5815,roads,after,5,212.7,705891
16,8471,5815,full,fix,5,561.3,1118392
16,8471,5815,full,before,5,284.4,956217
16,8471,5815,full,after,5,598.1,1116379
16,8471,5815,full,before,6,244.1,956217
16,8471,5815,full,after,6,587.8,1116379
16,8471,5815,full,fix,6,558.0,1118392
16,8471,5815,roads,before,6,156.9,640107
16,8471,5815,roads,after,6,218.8,705891
16,8471,5815,roads,fix,6,171.7,708213
16,8471,5815,roads,after,7,234.3,705891
16,8471,5815,roads,fix,7,166.2,708213
16,8471,5815,roads,before,7,151.6,640107
16,8471,5815,full,after,7,563.0,1116379
16,8471,5815,full,fix,7,519.0,1118392
16,8471,5815,full,before,7,289.4,956217
16,8471,5815,full,fix,8,594.5,1118392
16,8471,5815,full,before,8,283.0,956217
16,8471,5815,full,after,8,624.7,1116379
16,8471,5815,roads,fix,8,155.8,708213
16,8471,5815,roads,before,8,136.8,640107
16,8471,5815,roads,after,8,201.7,705891
16,8472,5815,full,after,0,750.5,911879
16,8472,5815,full,fix,0,568.1,922496
16,8472,5815,full,before,0,250.5,776759
16,8472,5815,roads,after,0,177.9,572686
16,8472,5815,roads,fix,0,134.5,584746
16,8472,5815,roads,before,0,122.5,513456
16,8472,5815,roads,fix,1,141.0,584746
16,8472,5815,roads,before,1,131.2,513456
16,8472,5815,roads,after,1,186.0,572686
16,8472,5815,full,fix,1,540.1,922496
16,8472,5815,full,before,1,248.8,776759
16,8472,5815,full,after,1,613.3,911879
16,8472,5815,full,before,2,260.0,776759
16,8472,5815,full,after,2,590.1,911879
16,8472,5815,full,fix,2,578.8,922496
16,8472,5815,roads,before,2,149.7,513456
16,8472,5815,roads,after,2,216.8,572686
16,8472,5815,roads,fix,2,173.1,584746
16,8472,5815,roads,after,3,195.6,572686
16,8472,5815,roads,fix,3,177.3,584746
16,8472,5815,roads,before,3,156.9,513456
16,8472,5815,full,after,3,639.9,911879
16,8472,5815,full,fix,3,546.5,922496
16,8472,5815,full,before,3,250.2,776759
16,8472,5815,full,fix,4,611.1,922496
16,8472,5815,full,before,4,371.4,776759
16,8472,5815,full,after,4,812.5,911879
16,8472,5815,roads,fix,4,188.1,584746
16,8472,5815,roads,before,4,189.2,513456
16,8472,5815,roads,after,4,216.8,572686
16,8472,5815,roads,before,5,189.4,513456
16,8472,5815,roads,after,5,215.5,572686
16,8472,5815,roads,fix,5,179.9,584746
16,8472,5815,full,before,5,285.0,776759
16,8472,5815,full,after,5,698.4,911879
16,8472,5815,full,fix,5,628.8,922496
16,8472,5815,full,after,6,603.9,911879
16,8472,5815,full,fix,6,544.6,922496
16,8472,5815,full,before,6,242.0,776759
16,8472,5815,roads,after,6,175.2,572686
16,8472,5815,roads,fix,6,151.2,584746
16,8472,5815,roads,before,6,163.7,513456
16,8472,5815,roads,fix,7,177.9,584746
16,8472,5815,roads,before,7,157.7,513456
16,8472,5815,roads,after,7,197.9,572686
16,8472,5815,full,fix,7,642.3,922496
16,8472,5815,full,before,7,297.5,776759
16,8472,5815,full,after,7,596.9,911879
16,8472,5815,full,before,8,282.6,776759
16,8472,5815,full,after,8,582.0,911879
16,8472,5815,full,fix,8,601.9,922496
16,8472,5815,roads,before,8,161.9,513456
16,8472,5815,roads,after,8,204.0,572686
16,8472,5815,roads,fix,8,169.0,584746
16,8469,5816,full,fix,0,557.9,870300
16,8469,5816,full,before,0,260.9,710852
16,8469,5816,full,after,0,662.3,869968
16,8469,5816,roads,fix,0,157.5,511860
16,8469,5816,roads,before,0,154.3,425900
16,8469,5816,roads,after,0,212.6,511375
16,8469,5816,roads,before,1,158.4,425900
16,8469,5816,roads,after,1,267.9,511375
16,8469,5816,roads,fix,1,151.0,511860
16,8469,5816,full,before,1,259.9,710852
16,8469,5816,full,after,1,605.7,869968
16,8469,5816,full,fix,1,643.0,870300
16,8469,5816,full,after,2,839.6,869968
16,8469,5816,full,fix,2,588.2,870300
16,8469,5816,full,before,2,259.5,710852
16,8469,5816,roads,after,2,212.2,511375
16,8469,5816,roads,fix,2,199.2,511860
16,8469,5816,roads,before,2,175.7,425900
16,8469,5816,roads,fix,3,179.7,511860
16,8469,5816,roads,before,3,138.8,425900
16,8469,5816,roads,after,3,180.3,511375
16,8469,5816,full,fix,3,581.0,870300
16,8469,5816,full,before,3,295.2,710852
16,8469,5816,full,after,3,629.7,869968
16,8469,5816,full,before,4,253.9,710852
16,8469,5816,full,after,4,570.6,869968
16,8469,5816,full,fix,4,574.2,870300
16,8469,5816,roads,before,4,140.7,425900
16,8469,5816,roads,after,4,191.9,511375
16,8469,5816,roads,fix,4,168.6,511860
16,8469,5816,roads,after,5,169.7,511375
16,8469,5816,roads,fix,5,168.7,511860
16,8469,5816,roads,before,5,141.9,425900
16,8469,5816,full,after,5,604.1,869968
16,8469,5816,full,fix,5,534.2,870300
16,8469,5816,full,before,5,250.4,710852
16,8469,5816,full,fix,6,586.8,870300
16,8469,5816,full,before,6,267.5,710852
16,8469,5816,full,after,6,611.4,869968
16,8469,5816,roads,fix,6,162.1,511860
16,8469,5816,roads,before,6,142.7,425900
16,8469,5816,roads,after,6,164.8,511375
16,8469,5816,roads,before,7,132.4,425900
16,8469,5816,roads,after,7,163.0,511375
16,8469,5816,roads,fix,7,161.6,511860
16,8469,5816,full,before,7,265.9,710852
16,8469,5816,full,after,7,601.7,869968
16,8469,5816,full,fix,7,695.5,870300
16,8469,5816,full,after,8,781.3,869968
16,8469,5816,full,fix,8,713.2,870300
16,8469,5816,full,before,8,327.3,710852
16,8469,5816,roads,after,8,219.7,511375
16,8469,5816,roads,fix,8,213.7,511860
16,8469,5816,roads,before,8,191.9,425900
16,8470,5816,full,before,0,323.4,895268
16,8470,5816,full,after,0,626.8,1051536
16,8470,5816,full,fix,0,529.2,1051536
16,8470,5816,roads,before,0,161.5,545190
16,8470,5816,roads,after,0,216.0,645341
16,8470,5816,roads,fix,0,187.0,645341
16,8470,5816,roads,after,1,221.1,645341
16,8470,5816,roads,fix,1,181.7,645341
16,8470,5816,roads,before,1,168.3,545190
16,8470,5816,full,after,1,607.8,1051536
16,8470,5816,full,fix,1,545.7,1051536
16,8470,5816,full,before,1,267.5,895268
16,8470,5816,full,fix,2,578.5,1051536
16,8470,5816,full,before,2,329.0,895268
16,8470,5816,full,after,2,623.0,1051536
16,8470,5816,roads,fix,2,184.1,645341
16,8470,5816,roads,before,2,172.3,545190
16,8470,5816,roads,after,2,235.0,645341
16,8470,5816,roads,before,3,179.8,545190
16,8470,5816,roads,after,3,235.6,645341
16,8470,5816,roads,fix,3,176.5,645341
16,8470,5816,full,before,3,304.3,895268
16,8470,5816,full,after,3,584.7,1051536
16,8470,5816,full,fix,3,573.7,1051536
16,8470,5816,full,after,4,626.9,1051536
16,8470,5816,full,fix,4,571.0,1051536
16,8470,5816,full,before,4,279.1,895268
16,8470,5816,roads,after,4,202.0,645341
16,8470,5816,roads,fix,4,177.4,645341
16,8470,5816,roads,before,4,154.6,545190
16,8470,5816,roads,fix,5,171.4,645341
16,8470,5816,roads,before,5,166.8,545190
16,8470,5816,roads,after,5,217.5,645341
16,8470,5816,full,fix,5,547.3,1051536
16,8470,5816,full,before,5,289.5,895268
16,8470,5816,full,after,5,622.5,1051536
16,8470,5816,full,before,6,268.3,895268
16,8470,5816,full,after,6,545.7,1051536
16,8470,5816,full,fix,6,565.1,1051536
16,8470,5816,roads,before,6,163.2,545190
16,8470,5816,roads,after,6,208.0,645341
16,8470,5816,roads,fix,6,167.8,645341
16,8470,5816,roads,after,7,208.3,645341
16,8470,5816,roads,fix,7,177.4,645341
16,8470,5816,roads,before,7,163.2,545190
16,8470,5816,full,after,7,583.5,1051536
16,8470,5816,full,fix,7,529.9,1051536
16,8470,5816,full,before,7,273.7,895268
16,8470,5816,full,fix,8,573.8,1051536
16,8470,5816,full,before,8,325.8,895268
16,8470,5816,full,after,8,594.5,1051536
16,8470,5816,roads,fix,8,186.1,645341
16,8470,5816,roads,before,8,163.3,545190
16,8470,5816,roads,after,8,196.4,645341
16,8471,5816,full,after,0,644.5,1124412
16,8471,5816,full,fix,0,601.6,1124412
16,8471,5816,full,before,0,294.2,943346
16,8471,5816,roads,after,0,196.7,698979
16,8471,5816,roads,fix,0,189.3,698979
16,8471,5816,roads,before,0,165.3,584980
16,8471,5816,roads,fix,1,184.2,698979
16,8471,5816,roads,before,1,207.2,584980
16,8471,5816,roads,after,1,325.1,698979
16,8471,5816,full,fix,1,704.6,1124412
16,8471,5816,full,before,1,330.7,943346
16,8471,5816,full,after,1,923.9,1124412
16,8471,5816,full,before,2,365.7,943346
16,8471,5816,full,after,2,841.5,1124412
16,8471,5816,full,fix,2,790.0,1124412
16,8471,5816,roads,before,2,191.5,584980
16,8471,5816,roads,after,2,229.5,698979
16,8471,5816,roads,fix,2,178.6,698979
16,8471,5816,roads,after,3,245.7,698979
16,8471,5816,roads,fix,3,184.8,698979
16,8471,5816,roads,before,3,163.6,584980
16,8471,5816,full,after,3,606.4,1124412
16,8471,5816,full,fix,3,585.0,1124412
16,8471,5816,full,before,3,299.3,943346
16,8471,5816,full,fix,4,589.1,1124412
16,8471,5816,full,before,4,281.9,943346
16,8471,5816,full,after,4,573.6,1124412
16,8471,5816,roads,fix,4,168.9,698979
16,8471,5816,roads,before,4,138.2,584980
16,8471,5816,roads,after,4,195.3,698979
16,8471,5816,roads,before,5,162.1,584980
16,8471,5816,roads,after,5,201.2,698979
16,8471,5816,roads,fix,5,177.7,698979
16,8471,5816,full,before,5,293.6,943346
16,8471,5816,full,after,5,620.5,1124412
16,8471,5816,full,fix,5,529.1,1124412
16,8471,5816,full,after,6,556.9,1124412
16,8471,5816,full,fix,6,606.6,1124412
16,8471,5816,full,before,6,290.4,943346
16,8471,5816,roads,after,6,203.3,698979
16,8471,5816,roads,fix,6,172.0,698979
16,8471,5816,roads,before,6,157.3,584980
16,8471,5816,roads,fix,7,171.0,698979
16,8471,5816,roads,before,7,148.3,584980
16,8471,5816,roads,after,7,188.3,698979
16,8471,5816,full,fix,7,551.6,1124412
16,8471,5816,full,before,7,258.0,943346
16,8471,5816,full,after,7,614.5,1124412
16,8471,5816,full,before,8,295.0,943346
16,8471,5816,full,after,8,634.4,1124412
16,8471,5816,full,fix,8,544.6,1124412
16,8471,5816,roads,before,8,137.9,584980
16,8471,5816,roads,after,8,182.2,698979
16,8471,5816,roads,fix,8,165.8,698979
16,8472,5816,full,fix,0,549.8,760701
16,8472,5816,full,before,0,255.0,627505
16,8472,5816,full,after,0,652.5,760701
16,8472,5816,roads,fix,0,132.8,442295
16,8472,5816,roads,before,0,113.1,381040
16,8472,5816,roads,after,0,158.2,442295
16,8472,5816,roads,before,1,137.7,381040
16,8472,5816,roads,after,1,193.7,442295
16,8472,5816,roads,fix,1,164.8,442295
16,8472,5816,full,before,1,259.7,627505
16,8472,5816,full,after,1,603.0,760701
16,8472,5816,full,fix,1,599.0,760701
16,8472,5816,full,after,2,563.7,760701
16,8472,5816,full,fix,2,449.7,760701
16,8472,5816,full,before,2,194.1,627505
16,8472,5816,roads,after,2,124.4,442295
16,8472,5816,roads,fix,2,122.3,442295
16,8472,5816,roads,before,2,112.6,381040
16,8472,5816,roads,fix,3,126.3,442295
16,8472,5816,roads,before,3,116.4,381040
16,8472,5816,roads,after,3,147.0,442295
16,8472,5816,full,fix,3,486.3,760701
16,8472,5816,full,before,3,206.9,627505
16,8472,5816,full,after,3,492.9,760701
16,8472,5816,full,before,4,229.6,627505
16,8472,5816,full,after,4,523.5,760701
16,8472,5816,full,fix,4,546.8,760701
16,8472,5816,roads,before,4,130.6,381040
16,8472,5816,roads,after,4,171.9,442295
16,8472,5816,roads,fix,4,140.5,442295
16,8472,5816,roads,after,5,153.7,442295
16,8472,5816,roads,fix,5,150.9,442295
16,8472,5816,roads,before,5,128.0,381040
16,8472,5816,full,after,5,496.5,760701
16,8472,5816,full,fix,5,467.6,760701
16,8472,5816,full,before,5,185.1,627505
16,8472,5816,full,fix,6,454.9,760701
16,8472,5816,full,before,6,215.1,627505
16,8472,5816,full,after,6,494.4,760701
16,8472,5816,roads,fix,6,127.2,442295
16,8472,5816,roads,before,6,118.9,381040
16,8472,5816,roads,after,6,142.3,442295
16,8472,5816,roads,before,7,126.2,381040
16,8472,5816,roads,after,7,140.0,442295
16,8472,5816,roads,fix,7,127.3,442295
16,8472,5816,full,before,7,198.6,627505
16,8472,5816,full,after,7,469.6,760701
16,8472,5816,full,fix,7,465.9,760701
16,8472,5816,full,after,8,505.4,760701
16,8472,5816,full,fix,8,538.7,760701
16,8472,5816,full,before,8,241.4,627505
16,8472,5816,roads,after,8,159.0,442295
16,8472,5816,roads,fix,8,133.1,442295
16,8472,5816,roads,before,8,124.9,381040
18,33884,23259,full,fix,0,386.1,547142
18,33884,23259,full,before,0,122.8,485931
18,33884,23259,full,after,0,342.8,547142
18,33884,23259,roads,fix,0,66.0,326380
18,33884,23259,roads,before,0,59.2,299504
18,33884,23259,roads,after,0,73.8,326380
18,33884,23259,roads,before,1,57.4,299504
18,33884,23259,roads,after,1,69.0,326380
18,33884,23259,roads,fix,1,73.6,326380
18,33884,23259,full,before,1,101.5,485931
18,33884,23259,full,after,1,355.0,547142
18,33884,23259,full,fix,1,376.4,547142
18,33884,23259,full,after,2,363.3,547142
18,33884,23259,full,fix,2,368.5,547142
18,33884,23259,full,before,2,119.5,485931
18,33884,23259,roads,after,2,85.9,326380
18,33884,23259,roads,fix,2,75.3,326380
18,33884,23259,roads,before,2,64.0,299504
18,33884,23259,roads,fix,3,72.5,326380
18,33884,23259,roads,before,3,63.9,299504
18,33884,23259,roads,after,3,74.3,326380
18,33884,23259,full,fix,3,341.4,547142
18,33884,23259,full,before,3,101.6,485931
18,33884,23259,full,after,3,327.0,547142
18,33884,23259,full,before,4,101.2,485931
18,33884,23259,full,after,4,371.8,547142
18,33884,23259,full,fix,4,364.5,547142
18,33884,23259,roads,before,4,64.9,299504
18,33884,23259,roads,after,4,76.2,326380
18,33884,23259,roads,fix,4,78.8,326380
18,33884,23259,roads,after,5,90.1,326380
18,33884,23259,roads,fix,5,75.2,326380
18,33884,23259,roads,before,5,62.2,299504
18,33884,23259,full,after,5,367.8,547142
18,33884,23259,full,fix,5,364.3,547142
18,33884,23259,full,before,5,102.5,485931
18,33884,23259,full,fix,6,325.9,547142
18,33884,23259,full,before,6,107.7,485931
18,33884,23259,full,after,6,346.3,547142
18,33884,23259,roads,fix,6,74.5,326380
18,33884,23259,roads,before,6,66.8,299504
18,33884,23259,roads,after,6,86.6,326380
18,33884,23259,roads,before,7,66.2,299504
18,33884,23259,roads,after,7,83.3,326380
18,33884,23259,roads,fix,7,83.1,326380
18,33884,23259,full,before,7,119.8,485931
18,33884,23259,full,after,7,381.3,547142
18,33884,23259,full,fix,7,501.4,547142
18,33884,23259,full,after,8,352.7,547142
18,33884,23259,full,fix,8,364.4,547142
18,33884,23259,full,before,8,108.4,485931
18,33884,23259,roads,after,8,77.4,326380
18,33884,23259,roads,fix,8,75.5,326380
18,33884,23259,roads,before,8,67.6,299504
18,33885,23259,full,before,0,124.9,444647
18,33885,23259,full,after,0,345.7,493296
18,33885,23259,full,fix,0,304.4,493296
18,33885,23259,roads,before,0,53.9,265250
18,33885,23259,roads,after,0,66.8,279426
18,33885,23259,roads,fix,0,65.3,279426
18,33885,23259,roads,after,1,69.0,279426
18,33885,23259,roads,fix,1,67.6,279426
18,33885,23259,roads,before,1,55.1,265250
18,33885,23259,full,after,1,382.6,493296
18,33885,23259,full,fix,1,370.6,493296
18,33885,23259,full,before,1,105.0,444647
18,33885,23259,full,fix,2,411.1,493296
18,33885,23259,full,before,2,113.8,444647
18,33885,23259,full,after,2,384.7,493296
18,33885,23259,roads,fix,2,72.7,279426
18,33885,23259,roads,before,2,76.7,265250
18,33885,23259,roads,after,2,74.3,279426
18,33885,23259,roads,before,3,61.8,265250
18,33885,23259,roads,after,3,72.6,279426
18,33885,23259,roads,fix,3,69.1,279426
18,33885,23259,full,before,3,101.6,444647
18,33885,23259,full,after,3,323.0,493296
18,33885,23259,full,fix,3,337.5,493296
18,33885,23259,full,after,4,351.8,493296
18,33885,23259,full,fix,4,325.8,493296
18,33885,23259,full,before,4,95.2,444647
18,33885,23259,roads,after,4,70.0,279426
18,33885,23259,roads,fix,4,75.7,279426
18,33885,23259,roads,before,4,59.7,265250
18,33885,23259,roads,fix,5,72.5,279426
18,33885,23259,roads,before,5,65.2,265250
18,33885,23259,roads,after,5,76.3,279426
18,33885,23259,full,fix,5,361.8,493296
18,33885,23259,full,before,5,105.5,444647
18,33885,23259,full,after,5,316.8,493296
18,33885,23259,full,before,6,93.0,444647
18,33885,23259,full,after,6,342.7,493296
18,33885,23259,full,fix,6,338.6,493296
18,33885,23259,roads,before,6,59.5,265250
18,33885,23259,roads,after,6,79.5,279426
18,33885,23259,roads,fix,6,70.7,279426
18,33885,23259,roads,after,7,74.1,279426
18,33885,23259,roads,fix,7,69.8,279426
18,33885,23259,roads,before,7,56.7,265250
18,33885,23259,full,after,7,339.3,493296
18,33885,23259,full,fix,7,326.1,493296
18,33885,23259,full,before,7,100.5,444647
18,33885,23259,full,fix,8,324.4,493296
18,33885,23259,full,before,8,102.6,444647
18,33885,23259,full,after,8,313.2,493296
18,33885,23259,roads,fix,8,80.0,279426
18,33885,23259,roads,before,8,60.9,265250
18,33885,23259,roads,after,8,74.5,279426
18,33886,23259,full,after,0,327.7,546821
18,33886,23259,full,fix,0,317.1,546821
18,33886,23259,full,before,0,115.3,526549
18,33886,23259,roads,after,0,75.2,244324
18,33886,23259,roads,fix,0,64.8,244324
18,33886,23259,roads,before,0,59.5,234046
18,33886,23259,roads,fix,1,69.2,244324
18,33886,23259,roads,before,1,61.5,234046
18,33886,23259,roads,after,1,79.2,244324
18,33886,23259,full,fix,1,362.1,546821
18,33886,23259,full,before,1,113.6,526549
18,33886,23259,full,after,1,347.1,546821
18,33886,23259,full,before,2,113.8,526549
18,33886,23259,full,after,2,339.1,546821
18,33886,23259,full,fix,2,321.1,546821
18,33886,23259,roads,before,2,52.7,234046
18,33886,23259,roads,after,2,66.5,244324
18,33886,23259,roads,fix,2,60.5,244324
18,33886,23259,roads,after,3,63.3,244324
18,33886,23259,roads,fix,3,60.4,244324
18,33886,23259,roads,before,3,52.7,234046
18,33886,23259,full,after,3,290.9,546821
18,33886,23259,full,fix,3,291.9,546821
18,33886,23259,full,before,3,103.5,526549
18,33886,23259,full,fix,4,326.3,546821
18,33886,23259,full,before,4,103.8,526549
18,33886,23259,full,after,4,357.7,546821
18,33886,23259,roads,fix,4,64.4,244324
18,33886,23259,roads,before,4,53.4,234046
18,33886,23259,roads,after,4,66.2,244324
18,33886,23259,roads,before,5,53.4,234046
18,33886,23259,roads,after,5,67.9,244324
18,33886,23259,roads,fix,5,65.9,244324
18,33886,23259,full,before,5,110.0,526549
18,33886,23259,full,after,5,356.3,546821
18,33886,23259,full,fix,5,369.1,546821
18,33886,23259,full,after,6,362.7,546821
18,33886,23259,full,fix,6,365.3,546821
18,33886,23259,full,before,6,144.8,526549
18,33886,23259,roads,after,6,85.4,244324
18,33886,23259,roads,fix,6,76.4,244324
18,33886,23259,roads,before,6,62.9,234046
18,33886,23259,roads,fix,7,99.4,244324
18,33886,23259,roads,before,7,66.4,234046
18,33886,23259,roads,after,7,75.5,244324
18,33886,23259,full,fix,7,392.1,546821
18,33886,23259,full,before,7,129.1,526549
18,33886,23259,full,after,7,399.4,546821
18,33886,23259,full,before,8,121.8,526549
18,33886,23259,full,after,8,344.7,546821
18,33886,23259,full,fix,8,337.7,546821
18,33886,23259,roads,before,8,49.5,234046
18,33886,23259,roads,after,8,59.8,244324
18,33886,23259,roads,fix,8,55.5,244324
18,33887,23259,full,fix,0,329.5,525538
18,33887,23259,full,before,0,98.6,494177
18,33887,23259,full,after,0,314.2,525538
18,33887,23259,roads,fix,0,63.1,287667
18,33887,23259,roads,before,0,56.9,272295
18,33887,23259,roads,after,0,68.7,287667
18,33887,23259,roads,before,1,61.2,272295
18,33887,23259,roads,after,1,78.7,287667
18,33887,23259,roads,fix,1,79.0,287667
18,33887,23259,full,before,1,115.6,494177
18,33887,23259,full,after,1,367.4,525538
18,33887,23259,full,fix,1,353.4,525538
18,33887,23259,full,after,2,351.0,525538
18,33887,23259,full,fix,2,347.2,525538
18,33887,23259,full,before,2,100.3,494177
18,33887,23259,roads,after,2,67.6,287667
18,33887,23259,roads,fix,2,66.5,287667
18,33887,23259,roads,before,2,58.5,272295
18,33887,23259,roads,fix,3,68.7,287667
18,33887,23259,roads,before,3,60.6,272295
18,33887,23259,roads,after,3,72.5,287667
18,33887,23259,full,fix,3,351.7,525538
18,33887,23259,full,before,3,104.6,494177
18,33887,23259,full,after,3,353.5,525538
18,33887,23259,full,before,4,115.3,494177
18,33887,23259,full,after,4,352.7,525538
18,33887,23259,full,fix,4,354.2,525538
18,33887,23259,roads,before,4,62.7,272295
18,33887,23259,roads,after,4,70.8,287667
18,33887,23259,roads,fix,4,78.9,287667
18,33887,23259,roads,after,5,80.3,287667
18,33887,23259,roads,fix,5,72.3,287667
18,33887,23259,roads,before,5,62.1,272295
18,33887,23259,full,after,5,338.3,525538
18,33887,23259,full,fix,5,325.4,525538
18,33887,23259,full,before,5,112.6,494177
18,33887,23259,full,fix,6,351.5,525538
18,33887,23259,full,before,6,111.2,494177
18,33887,23259,full,after,6,374.2,525538
18,33887,23259,roads,fix,6,66.7,287667
18,33887,23259,roads,before,6,62.6,272295
18,33887,23259,roads,after,6,74.7,287667
18,33887,23259,roads,before,7,63.9,272295
18,33887,23259,roads,after,7,70.5,287667
18,33887,23259,roads,fix,7,68.4,287667
18,33887,23259,full,before,7,102.8,494177
18,33887,23259,full,after,7,315.4,525538
18,33887,23259,full,fix,7,320.3,525538
18,33887,23259,full,after,8,303.1,525538
18,33887,23259,full,fix,8,289.6,525538
18,33887,23259,full,before,8,92.8,494177
18,33887,23259,roads,after,8,62.3,287667
18,33887,23259,roads,fix,8,59.7,287667
18,33887,23259,roads,before,8,52.8,272295
18,33884,23260,full,before,0,93.0,428644
18,33884,23260,full,after,0,295.7,482143
18,33884,23260,full,fix,0,299.7,482143
18,33884,23260,roads,before,0,51.9,255682
18,33884,23260,roads,after,0,63.5,276783
18,33884,23260,roads,fix,0,60.1,276783
18,33884,23260,roads,after,1,64.9,276783
18,33884,23260,roads,fix,1,64.2,276783
18,33884,23260,roads,before,1,56.5,255682
18,33884,23260,full,after,1,324.3,482143
18,33884,23260,full,fix,1,334.0,482143
18,33884,23260,full,before,1,95.9,428644
18,33884,23260,full,fix,2,319.4,482143
18,33884,23260,full,before,2,98.7,428644
18,33884,23260,full,after,2,325.6,482143
18,33884,23260,roads,fix,2,63.9,276783
18,33884,23260,roads,before,2,54.0,255682
18,33884,23260,roads,after,2,66.4,276783
18,33884,23260,roads,before,3,54.6,255682
18,33884,23260,roads,after,3,63.4,276783
18,33884,23260,roads,fix,3,62.8,276783
18,33884,23260,full,before,3,88.3,428644
18,33884,23260,full,after,3,322.7,482143
18,33884,23260,full,fix,3,303.9,482143
18,33884,23260,full,after,4,317.8,482143
18,33884,23260,full,fix,4,314.2,482143
18,33884,23260,full,before,4,99.1,428644
18,33884,23260,roads,after,4,71.0,276783
18,33884,23260,roads,fix,4,66.4,276783
18,33884,23260,roads,before,4,55.8,255682
18,33884,23260,roads,fix,5,66.0,276783
18,33884,23260,roads,before,5,55.0,255682
18,33884,23260,roads,after,5,63.4,276783
18,33884,23260,full,fix,5,324.9,482143
18,33884,23260,full,before,5,88.4,428644
18,33884,23260,full,after,5,299.6,482143
18,33884,23260,full,before,6,88.3,428644
18,33884,23260,full,after,6,297.9,482143
18,33884,23260,full,fix,6,329.3,482143
18,33884,23260,roads,before,6,66.0,255682
18,33884,23260,roads,after,6,82.3,276783
18,33884,23260,roads,fix,6,76.5,276783
18,33884,23260,roads,after,7,79.9,276783
18,33884,23260,roads,fix,7,82.7,276783
18,33884,23260,roads,before,7,68.3,255682
18,33884,23260,full,after,7,358.5,482143
18,33884,23260,full,fix,7,331.4,482143
18,33884,23260,full,before,7,111.0,428644
18,33884,23260,full,fix,8,342.5,482143
18,33884,23260,full,before,8,90.6,428644
18,33884,23260,full,after,8,300.4,482143
18,33884,23260,roads,fix,8,60.0,276783
18,33884,23260,roads,before,8,49.2,255682
18,33884,23260,roads,after,8,66.4,276783
18,33885,23260,full,after,0,327.5,653841
18,33885,23260,full,fix,0,323.1,653841
18,33885,23260,full,before,0,110.3,601102
18,33885,23260,roads,after,0,70.6,362582
18,33885,23260,roads,fix,0,66.4,362582
18,33885,23260,roads,before,0,60.5,339857
18,33885,23260,roads,fix,1,71.8,362582
18,33885,23260,roads,before,1,67.6,339857
18,33885,23260,roads,after,1,79.0,362582
18,33885,23260,full,fix,1,350.4,653841
18,33885,23260,full,before,1,117.4,601102
18,33885,23260,full,after,1,391.2,653841
18,33885,23260,full,before,2,122.2,601102
18,33885,23260,full,after,2,348.3,653841
18,33885,23260,full,fix,2,321.5,653841
18,33885,23260,roads,before,2,58.0,339857
18,33885,23260,roads,after,2,78.7,362582
18,33885,23260,roads,fix,2,67.4,362582
18,33885,23260,roads,after,3,76.3,362582
18,33885,23260,roads,fix,3,67.6,362582
18,33885,23260,roads,before,3,64.8,339857
18,33885,23260,full,after,3,325.2,653841
18,33885,23260,full,fix,3,461.3,653841
18,33885,23260,full,before,3,116.1,601102
18,33885,23260,full,fix,4,337.2,653841
18,33885,23260,full,before,4,116.3,601102
18,33885,23260,full,after,4,341.8,653841
18,33885,23260,roads,fix,4,75.1,362582
18,33885,23260,roads,before,4,65.8,339857
18,33885,23260,roads,after,4,79.2,362582
18,33885,23260,roads,before,5,63.4,339857
18,33885,23260,roads,after,5,80.9,362582
18,33885,23260,roads,fix,5,78.4,362582
18,33885,23260,full,before,5,108.4,601102
18,33885,23260,full,after,5,311.3,653841
18,33885,23260,full,fix,5,305.7,653841
18,33885,23260,full,after,6,339.8,653841
18,33885,23260,full,fix,6,337.6,653841
18,33885,23260,full,before,6,112.0,601102
18,33885,23260,roads,after,6,87.4,362582
18,33885,23260,roads,fix,6,76.2,362582
18,33885,23260,roads,before,6,72.1,339857
18,33885,23260,roads,fix,7,75.0,362582
18,33885,23260,roads,before,7,67.6,339857
18,33885,23260,roads,after,7,83.9,362582
18,33885,23260,full,fix,7,338.0,653841
18,33885,23260,full,before,7,133.6,601102
18,33885,23260,full,after,7,352.6,653841
18,33885,23260,full,before,8,107.3,601102
18,33885,23260,full,after,8,316.9,653841
18,33885,23260,full,fix,8,309.0,653841
18,33885,23260,roads,before,8,58.8,339857
18,33885,23260,roads,after,8,70.7,362582
18,33885,23260,roads,fix,8,79.7,362582
18,33886,23260,full,fix,0,360.7,627225
18,33886,23260,full,before,0,124.5,578264
18,33886,23260,full,after,0,392.7,627225
18,33886,23260,roads,fix,0,93.1,380199
18,33886,23260,roads,before,0,76.1,361200
18,33886,23260,roads,after,0,95.5,380199
18,33886,23260,roads,before,1,85.2,361200
18,33886,23260,roads,after,1,91.9,380199
18,33886,23260,roads,fix,1,90.1,380199
18,33886,23260,full,before,1,130.1,578264
18,33886,23260,full,after,1,388.8,627225
18,33886,23260,full,fix,1,377.5,627225
18,33886,23260,full,after,2,331.0,627225
18,33886,23260,full,fix,2,322.3,627225
18,33886,23260,full,before,2,108.5,578264
18,33886,23260,roads,after,2,76.9,380199
18,33886,23260,roads,fix,2,74.6,380199
18,33886,23260,roads,before,2,62.8,361200
18,33886,23260,roads,fix,3,78.1,380199
18,33886,23260,roads,before,3,70.4,361200
18,33886,23260,roads,after,3,82.2,380199
18,33886,23260,full,fix,3,346.6,627225
18,33886,23260,full,before,3,119.5,578264
18,33886,23260,full,after,3,350.4,627225
18,33886,23260,full,before,4,119.4,578264
18,33886,23260,full,after,4,347.9,627225
18,33886,23260,full,fix,4,365.2,627225
18,33886,23260,roads,before,4,73.9,361200
18,33886,23260,roads,after,4,92.6,380199
18,33886,23260,roads,fix,4,80.3,380199
18,33886,23260,roads,after,5,81.2,380199
18,33886,23260,roads,fix,5,74.0,380199
18,33886,23260,roads,before,5,61.3,361200
18,33886,23260,full,after,5,335.0,627225
18,33886,23260,full,fix,5,345.4,627225
18,33886,23260,full,before,5,121.1,578264
18,33886,23260,full,fix,6,328.8,627225
18,33886,23260,full,before,6,110.7,578264
18,33886,23260,full,after,6,347.7,627225
18,33886,23260,roads,fix,6,75.4,380199
18,33886,23260,roads,before,6,69.2,361200
18,33886,23260,roads,after,6,85.9,380199
18,33886,23260,roads,before,7,68.7,361200
18,33886,23260,roads,after,7,73.2,380199
18,33886,23260,roads,fix,7,69.1,380199
18,33886,23260,full,before,7,104.4,578264
18,33886,23260,full,after,7,333.9,627225
18,33886,23260,full,fix,7,313.8,627225
18,33886,23260,full,after,8,349.4,627225
18,33886,23260,full,fix,8,337.6,627225
18,33886,23260,full,before,8,108.7,578264
18,33886,23260,roads,after,8,82.1,380199
18,33886,23260,roads,fix,8,78.8,380199
18,33886,23260,roads,before,8,69.2,361200
18,33887,23260,full,before,0,85.0,330432
18,33887,23260,full,after,0,316.1,342996
18,33887,23260,full,fix,0,321.9,350452
18,33887,23260,roads,before,0,58.5,220544
18,33887,23260,roads,after,0,64.9,218798
18,33887,23260,roads,fix,0,66.4,226018
18,33887,23260,roads,after,1,67.5,218798
18,33887,23260,roads,fix,1,63.5,226018
18,33887,23260,roads,before,1,53.0,220544
18,33887,23260,full,after,1,338.7,342996
18,33887,23260,full,fix,1,308.4,350452
18,33887,23260,full,before,1,79.9,330432
18,33887,23260,full,fix,2,296.9,350452
18,33887,23260,full,before,2,79.3,330432
18,33887,23260,full,after,2,291.2,342996
18,33887,23260,roads,fix,2,58.1,226018
18,33887,23260,roads,before,2,52.6,220544
18,33887,23260,roads,after,2,60.8,218798
18,33887,23260,roads,before,3,53.0,220544
18,33887,23260,roads,after,3,68.1,218798
18,33887,23260,roads,fix,3,66.5,226018
18,33887,23260,full,before,3,90.1,330432
18,33887,23260,full,after,3,311.5,342996
18,33887,23260,full,fix,3,316.7,350452
18,33887,23260,full,after,4,314.4,342996
18,33887,23260,full,fix,4,333.8,350452
18,33887,23260,full,before,4,101.5,330432
18,33887,23260,roads,after,4,64.5,218798
18,33887,23260,roads,fix,4,60.2,226018
18,33887,23260,roads,before,4,53.5,220544
18,33887,23260,roads,fix,5,61.3,226018
18,33887,23260,roads,before,5,58.7,220544
18,33887,23260,roads,after,5,64.2,218798
18,33887,23260,full,fix,5,312.0,350452
18,33887,23260,full,before,5,86.4,330432
18,33887,23260,full,after,5,306.7,342996
18,33887,23260,full,before,6,79.1,330432
18,33887,23260,full,after,6,325.9,342996
18,33887,23260,full,fix,6,312.4,350452
18,33887,23260,roads,before,6,53.9,220544
18,33887,23260,roads,after,6,69.9,218798
18,33887,23260,roads,fix,6,67.9,226018
18,33887,23260,roads,after,7,63.5,218798
18,33887,23260,roads,fix,7,62.6,226018
18,33887,23260,roads,before,7,57.3,220544
18,33887,23260,full,after,7,320.2,342996
18,33887,23260,full,fix,7,313.4,350452
18,33887,23260,full,before,7,87.9,330432
18,33887,23260,full,fix,8,299.5,350452
18,33887,23260,full,before,8,79.3,330432
18,33887,23260,full,after,8,299.5,342996
18,33887,23260,roads,fix,8,56.3,226018
18,33887,23260,roads,before,8,49.3,220544
18,33887,23260,roads,after,8,60.5,218798
18,33884,23261,full,after,0,359.9,457957
18,33884,23261,full,fix,0,370.6,459416
18,33884,23261,full,before,0,108.5,426884
18,33884,23261,roads,after,0,86.3,273532
18,33884,23261,roads,fix,0,82.6,275043
18,33884,23261,roads,before,0,68.5,268794
18,33884,23261,roads,fix,1,77.8,275043
18,33884,23261,roads,before,1,74.2,268794
18,33884,23261,roads,after,1,86.6,273532
18,33884,23261,full,fix,1,393.8,459416
18,33884,23261,full,before,1,121.5,426884
18,33884,23261,full,after,1,419.5,457957
18,33884,23261,full,before,2,113.2,426884
18,33884,23261,full,after,2,398.7,457957
18,33884,23261,full,fix,2,358.0,459416
18,33884,23261,roads,before,2,77.7,268794
18,33884,23261,roads,after,2,87.7,273532
18,33884,23261,roads,fix,2,83.4,275043
18,33884,23261,roads,after,3,80.1,273532
18,33884,23261,roads,fix,3,78.1,275043
18,33884,23261,roads,before,3,67.0,268794
18,33884,23261,full,after,3,384.9,457957
18,33884,23261,full,fix,3,527.6,459416
18,33884,23261,full,before,3,135.6,426884
18,33884,23261,full,fix,4,433.0,459416
18,33884,23261,full,before,4,142.6,426884
18,33884,23261,full,after,4,437.3,457957
18,33884,23261,roads,fix,4,88.5,275043
18,33884,23261,roads,before,4,86.6,268794
18,33884,23261,roads,after,4,97.9,273532
18,33884,23261,roads,before,5,73.8,268794
18,33884,23261,roads,after,5,89.3,273532
18,33884,23261,roads,fix,5,109.9,275043
18,33884,23261,full,before,5,114.7,426884
18,33884,23261,full,after,5,386.9,457957
18,33884,23261,full,fix,5,383.7,459416
18,33884,23261,full,after,6,415.4,457957
18,33884,23261,full,fix,6,376.0,459416
18,33884,23261,full,before,6,121.7,426884
18,33884,23261,roads,after,6,90.4,273532
18,33884,23261,roads,fix,6,78.1,275043
18,33884,23261,roads,before,6,65.7,268794
18,33884,23261,roads,fix,7,69.7,275043
18,33884,23261,roads,before,7,65.6,268794
18,33884,23261,roads,after,7,79.4,273532
18,33884,23261,full,fix,7,353.4,459416
18,33884,23261,full,before,7,99.8,426884
18,33884,23261,full,after,7,311.5,457957
18,33884,23261,full,before,8,85.1,426884
18,33884,23261,full,after,8,328.9,457957
18,33884,23261,full,fix,8,305.6,459416
18,33884,23261,roads,before,8,58.7,268794
18,33884,23261,roads,after,8,75.3,273532
18,33884,23261,roads,fix,8,69.5,275043
18,33885,23261,full,fix,0,322.1,495919
18,33885,23261,full,before,0,96.0,442867
18,33885,23261,full,after,0,345.3,495590
18,33885,23261,roads,fix,0,79.1,319078
18,33885,23261,roads,before,0,63.9,299978
18,33885,23261,roads,after,0,79.7,318684
18,33885,23261,roads,before,1,68.5,299978
18,33885,23261,roads,after,1,83.1,318684
18,33885,23261,roads,fix,1,73.2,319078
18,33885,23261,full,before,1,109.0,442867
18,33885,23261,full,after,1,330.1,495590
18,33885,23261,full,fix,1,336.4,495919
18,33885,23261,full,after,2,344.0,495590
18,33885,23261,full,fix,2,308.5,495919
18,33885,23261,full,before,2,87.8,442867
18,33885,23261,roads,after,2,77.2,318684
18,33885,23261,roads,fix,2,69.5,319078
18,33885,23261,roads,before,2,57.5,299978
18,33885,23261,roads,fix,3,69.5,319078
18,33885,23261,roads,before,3,62.7,299978
18,33885,23261,roads,after,3,75.8,318684
18,33885,23261,full,fix,3,346.7,495919
18,33885,23261,full,before,3,101.0,442867
18,33885,23261,full,after,3,341.4,495590
18,33885,23261,full,before,4,106.2,442867
18,33885,23261,full,after,4,342.1,495590
18,33885,23261,full,fix,4,338.9,495919
18,33885,23261,roads,before,4,65.5,299978
18,33885,23261,roads,after,4,77.9,318684
18,33885,23261,roads,fix,4,66.5,319078
18,33885,23261,roads,after,5,76.9,318684
18,33885,23261,roads,fix,5,69.2,319078
18,33885,23261,roads,before,5,59.2,299978
18,33885,23261,full,after,5,329.4,495590
18,33885,23261,full,fix,5,321.2,495919
18,33885,23261,full,before,5,95.2,442867
18,33885,23261,full,fix,6,348.2,495919
18,33885,23261,full,before,6,97.7,442867
18,33885,23261,full,after,6,343.4,495590
18,33885,23261,roads,fix,6,90.9,319078
18,33885,23261,roads,before,6,65.1,299978
18,33885,23261,roads,after,6,81.0,318684
18,33885,23261,roads,before,7,64.1,299978
18,33885,23261,roads,after,7,82.1,318684
18,33885,23261,roads,fix,7,70.3,319078
18,33885,23261,full,before,7,96.0,442867
18,33885,23261,full,after,7,358.8,495590
18,33885,23261,full,fix,7,326.6,495919
18,33885,23261,full,after,8,341.5,495590
18,33885,23261,full,fix,8,331.5,495919
18,33885,23261,full,before,8,98.7,442867
18,33885,23261,roads,after,8,83.4,318684
18,33885,23261,roads,fix,8,73.7,319078
18,33885,23261,roads,before,8,64.1,299978
18,33886,23261,full,before,0,99.8,482363
18,33886,23261,full,after,0,329.6,516627
18,33886,23261,full,fix,0,392.6,516917
18,33886,23261,roads,before,0,69.7,295057
18,33886,23261,roads,after,0,85.7,299585
18,33886,23261,roads,fix,0,89.5,299908
18,33886,23261,roads,after,1,89.6,299585
18,33886,23261,roads,fix,1,82.6,299908
18,33886,23261,roads,before,1,75.1,295057
18,33886,23261,full,after,1,390.0,516627
18,33886,23261,full,fix,1,378.4,516917
18,33886,23261,full,before,1,120.9,482363
18,33886,23261,full,fix,2,331.1,516917
18,33886,23261,full,before,2,113.6,482363
18,33886,23261,full,after,2,330.9,516627
18,33886,23261,roads,fix,2,81.6,299908
18,33886,23261,roads,before,2,66.7,295057
18,33886,23261,roads,after,2,79.8,299585
18,33886,23261,roads,before,3,63.3,295057
18,33886,23261,roads,after,3,84.9,299585
18,33886,23261,roads,fix,3,82.7,299908
18,33886,23261,full,before,3,134.9,482363
18,33886,23261,full,after,3,418.6,516627
18,33886,23261,full,fix,3,370.5,516917
18,33886,23261,full,after,4,407.6,516627
18,33886,23261,full,fix,4,349.1,516917
18,33886,23261,full,before,4,108.9,482363
18,33886,23261,roads,after,4,78.5,299585
18,33886,23261,roads,fix,4,79.9,299908
18,33886,23261,roads,before,4,57.6,295057
18,33886,23261,roads,fix,5,71.3,299908
18,33886,23261,roads,before,5,68.5,295057
18,33886,23261,roads,after,5,77.9,299585
18,33886,23261,full,fix,5,359.9,516917
18,33886,23261,full,before,5,120.1,482363
18,33886,23261,full,after,5,418.7,516627
18,33886,23261,full,before,6,151.5,482363
18,33886,23261,full,after,6,436.2,516627
18,33886,23261,full,fix,6,391.1,516917
18,33886,23261,roads,before,6,68.6,295057
18,33886,23261,roads,after,6,103.1,299585
18,33886,23261,roads,fix,6,93.9,299908
18,33886,23261,roads,after,7,91.1,299585
18,33886,23261,roads,fix,7,83.2,299908
18,33886,23261,roads,before,7,72.0,295057
18,33886,23261,full,after,7,367.7,516627
18,33886,23261,full,fix,7,349.9,516917
18,33886,23261,full,before,7,110.5,482363
18,33886,23261,full,fix,8,345.7,516917
18,33886,23261,full,before,8,121.1,482363
18,33886,23261,full,after,8,385.6,516627
18,33886,23261,roads,fix,8,73.9,299908
18,33886,23261,roads,before,8,59.6,295057
18,33886,23261,roads,after,8,75.1,299585
18,33887,23261,full,after,0,347.6,370280
18,33887,23261,full,fix,0,375.1,371145
18,33887,23261,full,before,0,103.2,335550
18,33887,23261,roads,after,0,83.9,225147
18,33887,23261,roads,fix,0,77.7,226125
18,33887,23261,roads,before,0,69.0,223607
18,33887,23261,roads,fix,1,71.8,226125
18,33887,23261,roads,before,1,65.6,223607
18,33887,23261,roads,after,1,78.2,225147
18,33887,23261,full,fix,1,371.6,371145
18,33887,23261,full,before,1,101.3,335550
18,33887,23261,full,after,1,341.9,370280
18,33887,23261,full,before,2,101.6,335550
18,33887,23261,full,after,2,345.0,370280
18,33887,23261,full,fix,2,356.2,371145
18,33887,23261,roads,before,2,65.1,223607
18,33887,23261,roads,after,2,90.5,225147
18,33887,23261,roads,fix,2,164.3,226125
18,33887,23261,roads,after,3,109.6,225147
18,33887,23261,roads,fix,3,108.1,226125
18,33887,23261,roads,before,3,95.3,223607
18,33887,23261,full,after,3,426.8,370280
18,33887,23261,full,fix,3,355.5,371145
18,33887,23261,full,before,3,88.9,335550
18,33887,23261,full,fix,4,394.5,371145
18,33887,23261,full,before,4,117.8,335550
18,33887,23261,full,after,4,332.9,370280
18,33887,23261,roads,fix,4,64.1,226125
18,33887,23261,roads,before,4,53.3,223607
18,33887,23261,roads,after,4,70.3,225147
18,33887,23261,roads,before,5,54.1,223607
18,33887,23261,roads,after,5,72.6,225147
18,33887,23261,roads,fix,5,56.7,226125
18,33887,23261,full,before,5,92.6,335550
18,33887,23261,full,after,5,343.5,370280
18,33887,23261,full,fix,5,344.1,371145
18,33887,23261,full,after,6,401.9,370280
18,33887,23261,full,fix,6,363.0,371145
18,33887,23261,full,before,6,111.7,335550
18,33887,23261,roads,after,6,77.7,225147
18,33887,23261,roads,fix,6,80.2,226125
18,33887,23261,roads,before,6,66.1,223607
18,33887,23261,roads,fix,7,67.2,226125
18,33887,23261,roads,before,7,62.4,223607
18,33887,23261,roads,after,7,64.3,225147
18,33887,23261,full,fix,7,301.7,371145
18,33887,23261,full,before,7,82.3,335550
18,33887,23261,full,after,7,299.6,370280
18,33887,23261,full,before,8,82.3,335550
18,33887,23261,full,after,8,279.2,370280
18,33887,23261,full,fix,8,303.7,371145
18,33887,23261,roads,before,8,49.6,223607
18,33887,23261,roads,after,8,62.0,225147
18,33887,23261,roads,fix,8,59.3,226125
18,33884,23262,full,fix,0,274.0,491816
18,33884,23262,full,before,0,90.8,432716
18,33884,23262,full,after,0,313.3,491816
18,33884,23262,roads,fix,0,62.7,279903
18,33884,23262,roads,before,0,55.4,263326
18,33884,23262,roads,after,0,66.7,279903
18,33884,23262,roads,before,1,53.8,263326
18,33884,23262,roads,after,1,66.5,279903
18,33884,23262,roads,fix,1,61.6,279903
18,33884,23262,full,before,1,99.5,432716
18,33884,23262,full,after,1,326.8,491816
18,33884,23262,full,fix,1,307.0,491816
18,33884,23262,full,after,2,289.3,491816
18,33884,23262,full,fix,2,284.7,491816
18,33884,23262,full,before,2,86.0,432716
18,33884,23262,roads,after,2,60.9,279903
18,33884,23262,roads,fix,2,59.0,279903
18,33884,23262,roads,before,2,51.8,263326
18,33884,23262,roads,fix,3,59.0,279903
18,33884,23262,roads,before,3,52.7,263326
18,33884,23262,roads,after,3,62.2,279903
18,33884,23262,full,fix,3,318.6,491816
18,33884,23262,full,before,3,97.4,432716
18,33884,23262,full,after,3,312.2,491816
18,33884,23262,full,before,4,92.9,432716
18,33884,23262,full,after,4,322.6,491816
18,33884,23262,full,fix,4,324.1,491816
18,33884,23262,roads,before,4,54.6,263326
18,33884,23262,roads,after,4,64.2,279903
18,33884,23262,roads,fix,4,58.3,279903
18,33884,23262,roads,after,5,62.0,279903
18,33884,23262,roads,fix,5,60.5,279903
18,33884,23262,roads,before,5,50.9,263326
18,33884,23262,full,after,5,282.5,491816
18,33884,23262,full,fix,5,279.0,491816
18,33884,23262,full,before,5,88.7,432716
18,33884,23262,full,fix,6,316.2,491816
18,33884,23262,full,before,6,94.6,432716
18,33884,23262,full,after,6,312.5,491816
18,33884,23262,roads,fix,6,70.8,279903
18,33884,23262,roads,before,6,56.5,263326
18,33884,23262,roads,after,6,68.7,279903
18,33884,23262,roads,before,7,60.1,263326
18,33884,23262,roads,after,7,72.2,279903
18,33884,23262,roads,fix,7,66.5,279903
18,33884,23262,full,before,7,96.5,432716
18,33884,23262,full,after,7,331.0,491816
18,33884,23262,full,fix,7,289.9,491816
18,33884,23262,full,after,8,287.1,491816
18,33884,23262,full,fix,8,293.1,491816
18,33884,23262,full,before,8,92.1,432716
18,33884,23262,roads,after,8,58.9,279903
18,33884,23262,roads,fix,8,59.6,279903
18,33884,23262,roads,before,8,53.9,263326
18,33885,23262,full,before,0,90.1,459102
18,33885,23262,full,after,0,295.4,512058
18,33885,23262,full,fix,0,294.3,512058
18,33885,23262,roads,before,0,59.9,277207
18,33885,23262,roads,after,0,75.0,294075
18,33885,23262,roads,fix,0,75.3,294075
18,33885,23262,roads,after,1,76.6,294075
18,33885,23262,roads,fix,1,72.2,294075
18,33885,23262,roads,before,1,58.2,277207
18,33885,23262,full,after,1,331.9,512058
18,33885,23262,full,fix,1,322.8,512058
18,33885,23262,full,before,1,106.6,459102
18,33885,23262,full,fix,2,355.5,512058
18,33885,23262,full,before,2,94.6,459102
18,33885,23262,full,after,2,297.4,512058
18,33885,23262,roads,fix,2,62.6,294075
18,33885,23262,roads,before,2,55.3,277207
18,33885,23262,roads,after,2,68.1,294075
18,33885,23262,roads,before,3,54.9,277207
18,33885,23262,roads,after,3,70.7,294075
18,33885,23262,roads,fix,3,60.4,294075
18,33885,23262,full,before,3,90.1,459102
18,33885,23262,full,after,3,302.5,512058
18,33885,23262,full,fix,3,312.9,512058
18,33885,23262,full,after,4,335.3,512058
18,33885,23262,full,fix,4,328.5,512058
18,33885,23262,full,before,4,99.5,459102
18,33885,23262,roads,after,4,72.2,294075
18,33885,23262,roads,fix,4,67.9,294075
18,33885,23262,roads,before,4,65.7,277207
18,33885,23262,roads,fix,5,72.7,294075
18,33885,23262,roads,before,5,61.9,277207
18,33885,23262,roads,after,5,70.9,294075
18,33885,23262,full,fix,5,319.7,512058
18,33885,23262,full,before,5,94.5,459102
18,33885,23262,full,after,5,296.6,512058
18,33885,23262,full,before,6,89.3,459102
18,33885,23262,full,after,6,309.2,512058
18,33885,23262,full,fix,6,328.3,512058
18,33885,23262,roads,before,6,60.7,277207
18,33885,23262,roads,after,6,68.7,294075
18,33885,23262,roads,fix,6,67.1,294075
18,33885,23262,roads,after,7,72.4,294075
18,33885,23262,roads,fix,7,68.0,294075
18,33885,23262,roads,before,7,59.4,277207
18,33885,23262,full,after,7,324.2,512058
18,33885,23262,full,fix,7,333.0,512058
18,33885,23262,full,before,7,105.3,459102
18,33885,23262,full,fix,8,304.2,512058
18,33885,23262,full,before,8,92.6,459102
18,33885,23262,full,after,8,299.5,512058
18,33885,23262,roads,fix,8,61.7,294075
18,33885,23262,roads,before,8,54.8,277207
18,33885,23262,roads,after,8,66.8,294075
18,33886,23262,full,after,0,318.3,569301
18,33886,23262,full,fix,0,316.9,569301
18,33886,23262,full,before,0,94.5,477930
18,33886,23262,roads,after,0,75.4,315013
18,33886,23262,roads,fix,0,73.8,315013
18,33886,23262,roads,before,0,61.0,300617
18,33886,23262,roads,fix,1,71.6,315013
18,33886,23262,roads,before,1,65.5,300617
18,33886,23262,roads,after,1,75.1,315013
18,33886,23262,full,fix,1,355.3,569301
18,33886,23262,full,before,1,127.0,477930
18,33886,23262,full,after,1,414.2,569301
18,33886,23262,full,before,2,129.2,477930
18,33886,23262,full,after,2,409.8,569301
18,33886,23262,full,fix,2,375.2,569301
18,33886,23262,roads,before,2,68.1,300617
18,33886,23262,roads,after,2,81.0,315013
18,33886,23262,roads,fix,2,92.2,315013
18,33886,23262,roads,after,3,97.0,315013
18,33886,23262,roads,fix,3,79.9,315013
18,33886,23262,roads,before,3,64.9,300617
18,33886,23262,full,after,3,401.1,569301
18,33886,23262,full,fix,3,399.6,569301
18,33886,23262,full,before,3,121.7,477930
18,33886,23262,full,fix,4,381.1,569301
18,33886,23262,full,before,4,144.9,477930
18,33886,23262,full,after,4,373.5,569301
18,33886,23262,roads,fix,4,76.0,315013
18,33886,23262,roads,before,4,61.5,300617
18,33886,23262,roads,after,4,65.7,315013
18,33886,23262,roads,before,5,56.7,300617
18,33886,23262,roads,after,5,67.2,315013
18,33886,23262,roads,fix,5,63.6,315013
18,33886,23262,full,before,5,89.9,477930
18,33886,23262,full,after,5,318.9,569301
18,33886,23262,full,fix,5,314.7,569301
18,33886,23262,full,after,6,336.4,569301
18,33886,23262,full,fix,6,337.6,569301
18,33886,23262,full,before,6,113.1,477930
18,33886,23262,roads,after,6,74.6,315013
18,33886,23262,roads,fix,6,70.8,315013
18,33886,23262,roads,before,6,62.1,300617
18,33886,23262,roads,fix,7,69.1,315013
18,33886,23262,roads,before,7,64.4,300617
18,33886,23262,roads,after,7,86.6,315013
18,33886,23262,full,fix,7,378.5,569301
18,33886,23262,full,before,7,108.3,477930
18,33886,23262,full,after,7,353.3,569301
18,33886,23262,full,before,8,114.0,477930
18,33886,23262,full,after,8,351.4,569301
18,33886,23262,full,fix,8,370.4,569301
18,33886,23262,roads,before,8,71.7,300617
18,33886,23262,roads,after,8,79.1,315013
18,33886,23262,roads,fix,8,83.1,315013
18,33887,23262,full,fix,0,378.8,599692
18,33887,23262,full,before,0,125.9,544085
18,33887,23262,full,after,0,377.8,599692
18,33887,23262,roads,fix,0,77.5,293169
18,33887,23262,roads,before,0,65.1,287353
18,33887,23262,roads,after,0,78.5,293169
18,33887,23262,roads,before,1,66.1,287353
18,33887,23262,roads,after,1,80.5,293169
18,33887,23262,roads,fix,1,76.8,293169
18,33887,23262,full,before,1,118.8,544085
18,33887,23262,full,after,1,379.3,599692
18,33887,23262,full,fix,1,349.5,599692
18,33887,23262,full,after,2,370.2,599692
18,33887,23262,full,fix,2,386.4,599692
18,33887,23262,full,before,2,131.6,544085
18,33887,23262,roads,after,2,89.2,293169
18,33887,23262,roads,fix,2,79.4,293169
18,33887,23262,roads,before,2,67.9,287353
18,33887,23262,roads,fix,3,69.5,293169
18,33887,23262,roads,before,3,65.5,287353
18,33887,23262,roads,after,3,76.2,293169
18,33887,23262,full,fix,3,342.1,599692
18,33887,23262,full,before,3,110.4,544085
18,33887,23262,full,after,3,335.6,599692
18,33887,23262,full,before,4,107.6,544085
18,33887,23262,full,after,4,316.1,599692
18,33887,23262,full,fix,4,301.3,599692
18,33887,23262,roads,before,4,56.6,287353
18,33887,23262,roads,after,4,67.4,293169
18,33887,23262,roads,fix,4,65.0,293169
18,33887,23262,roads,after,5,68.4,293169
18,33887,23262,roads,fix,5,68.2,293169
18,33887,23262,roads,before,5,56.5,287353
18,33887,23262,full,after,5,342.5,599692
18,33887,23262,full,fix,5,344.5,599692
18,33887,23262,full,before,5,109.8,544085
18,33887,23262,full,fix,6,377.5,599692
18,33887,23262,full,before,6,122.8,544085
18,33887,23262,full,after,6,385.9,599692
18,33887,23262,roads,fix,6,79.3,293169
18,33887,23262,roads,before,6,60.9,287353
18,33887,23262,roads,after,6,71.6,293169
18,33887,23262,roads,before,7,63.9,287353
18,33887,23262,roads,after,7,73.8,293169
18,33887,23262,roads,fix,7,70.7,293169
18,33887,23262,full,before,7,127.8,544085
18,33887,23262,full,after,7,332.4,599692
18,33887,23262,full,fix,7,332.4,599692
18,33887,23262,full,after,8,359.4,599692
18,33887,23262,full,fix,8,348.8,599692
18,33887,23262,full,before,8,111.5,544085
18,33887,23262,roads,after,8,74.1,293169
18,33887,23262,roads,fix,8,69.0,293169
18,33887,23262,roads,before,8,63.6,287353
